id,Travel_Time,travel_cost,"	comfort",reliability,safety,accessibility,service_frequency,"	wait_time",in_vehicle_time,crowding,seat_availability,route_directness,transfer_ease,parking_availability,fare_integration,ticketing_ease,service_image,habitual_mode_choice,perceived_safety,social_influence,trip_purpose,daily_trip_count,time_of_travel,willingness_to_shift,sidewalk_quality,pedestrian_safety,crossing_facility,transit_connectivity,"	interchange_ease",last_mile_option,bike_parking,bike_lane_availability,shared_bicycle_use,bike_safety,cycling_slope,"	bike_rack_access",station_spacing,"	station_quality","	feeder_service","	real_time_info","	shelter_availability",disabled_access,land_use_mix,development_density,building_footprint,road_condition,traffic_flow,"	signalized_intersection",road_safety,"	road_accessibility",entry_points,network_connectivity,grid_structure,cul_de_sacs,walkability_score,"	pedestrian_priority",congestion_level,"	perceived_delay",avoidance_behavior,time_buffer,air_quality,noise_level,"	green_coverage",heat_index,sustainability_awareness,mixed_use_zoning,vertical_mixing,"	land_cost","	land_value","	real_estate_trend","	zoning_regulation",population_density,job_density,urban_connectivity,transit_catchment,block_size,design_quality,aesthetics,street_furniture,street_lighting,metro_proximity,bus_stop_access,transit_access_index,travel_frequency,commute_duration,peak_hour_travel,multimodal_usage,parking_fee,park_ride_availability,permit_parking,car_free_zone,work_accessibility,shopping_accessibility,healthcare_access,age,gender,marital,people,yrsjob,cusinter,yrsfirm,educ,income,travel_mode
1,6,7,5,6,7,6,6,6,6,5,5,6,6,7,6,6,7,7,7,6,7,6,7,7,5,4,4,5,5,5,1,1,1,1,1,2,3,1,1,1,3,3,3,4,4,3,4,2,4,4,3,4,3,1,2,2,2,2,2,2,1,2,1,2,1,3,2,2,2,2,4,4,4,2,1,1,1,1,3,1,4,4,4,5,5,5,5,1,4,5,4,3,3,3,32,2,3,1,2,80,3,2,2,3
3,7,6,7,7,6,7,7,7,7,7,7,7,6,6,6,7,7,6,6,6,6,6,6,6,4,4,4,4,3,4,1,2,2,2,3,4,1,2,2,2,2,1,4,4,5,3,4,3,3,2,3,3,4,3,1,1,5,5,5,5,1,1,1,1,1,3,3,3,3,4,2,3,4,3,4,4,3,3,3,3,3,4,3,4,2,4,4,2,4,4,4,4,4,4,25,2,2,1,0,55,3,2,2,2
11,7,7,4,6,7,5,6,6,6,6,6,6,6,6,6,6,6,7,6,6,6,6,6,6,2,3,3,3,3,3,2,2,2,2,3,4,2,2,2,2,3,2,2,2,2,1,1,1,1,2,2,3,3,3,5,4,3,3,3,3,1,2,1,1,1,3,2,4,3,3,3,3,3,2,3,2,3,2,2,2,2,2,2,4,4,4,4,1,3,3,4,3,2,2,21,2,1,3,1,180,1,2,2,3
12,6,6,6,6,4,6,6,6,6,6,6,6,6,5,7,6,5,5,5,5,5,5,6,6,2,2,2,4,4,4,1,2,2,2,2,4,5,5,6,3,6,4,4,4,4,4,5,4,4,3,4,4,4,4,3,3,4,4,4,4,4,4,4,4,4,4,4,3,3,4,5,5,5,2,2,2,5,5,5,5,1,1,3,2,2,3,2,3,4,3,3,3,3,3,22,2,4,6,0,200,3,2,2,3
14,5,6,5,5,6,4,7,4,5,3,5,3,6,7,7,6,6,5,2,2,4,3,5,4,3,3,2,3,4,3,2,3,2,3,2,2,4,5,2,2,1,1,4,4,4,3,5,3,5,4,5,5,4,5,5,5,3,3,3,3,2,1,5,4,3,4,4,2,3,2,5,4,4,2,2,4,2,2,2,1,4,2,1,3,4,5,5,1,2,1,3,3,4,2,38,2,1,5,2,999,2,1,2,3
18,4,7,7,7,6,6,6,6,5,5,6,6,6,6,6,4,5,6,6,6,6,7,5,5,3,3,3,3,3,3,4,3,2,3,2,3,5,5,2,2,3,4,2,3,3,4,5,5,3,1,1,4,5,3,1,1,4,4,3,3,2,1,1,1,2,4,4,3,3,3,3,4,4,3,3,5,5,5,3,1,4,4,4,3,3,4,4,2,1,1,1,4,4,4,20,2,3,3,0,15,2,2,1,4
26,6,6,5,7,6,7,7,7,6,6,6,6,6,6,6,6,6,6,5,5,6,5,6,6,3,4,3,3,3,2,2,2,2,2,1,1,2,5,2,2,1,3,3,4,3,2,2,1,1,2,3,3,3,2,2,2,4,4,4,3,1,3,2,2,1,2,2,2,2,2,1,4,5,2,2,1,1,3,3,3,4,4,5,4,4,4,4,1,2,1,1,3,3,3,24,2,3,3,1,50,1,1,2,3
27,5,5,2,6,6,4,5,6,6,6,6,6,6,5,6,6,6,4,5,4,7,7,7,7,4,4,4,2,1,2,2,2,3,3,5,4,4,4,6,4,2,3,3,4,3,4,4,4,3,3,2,5,4,3,5,5,4,3,3,3,2,2,4,3,2,3,3,3,3,3,4,2,2,2,2,2,2,2,2,2,2,2,3,1,1,2,4,3,1,1,1,5,5,5,37,2,2,2,1,107,3,1,4,2
29,6,7,3,6,7,7,7,7,7,5,5,6,7,7,7,7,7,3,5,5,3,5,4,4,4,4,4,4,4,4,1,1,1,1,1,2,3,2,3,3,2,4,3,4,3,1,3,3,3,2,2,3,1,2,2,2,3,3,3,3,1,1,1,1,1,3,3,2,2,1,3,3,3,2,3,3,1,2,2,1,1,3,3,4,4,4,4,1,3,1,2,2,2,2,45,2,3,2,1,150,1,2,2,2
35,5,6,3,7,5,5,5,6,5,5,5,6,6,5,6,6,5,6,5,5,6,6,6,6,3,3,3,2,3,2,2,3,1,1,2,2,5,5,2,2,6,6,4,3,2,2,4,3,3,4,4,3,5,4,5,5,4,3,4,4,2,2,3,3,2,3,3,2,3,4,2,5,5,2,3,4,4,4,4,3,3,4,4,4,3,3,3,1,1,1,1,3,3,2,27,1,1,4,0,85,4,2,2,3
38,5,6,6,7,6,6,5,6,3,5,6,6,6,4,7,7,6,3,6,6,3,3,4,2,4,2,3,3,3,4,1,2,2,2,3,3,6,4,4,3,6,6,4,5,4,5,5,5,4,3,3,5,5,5,5,4,3,4,4,5,5,1,5,4,5,5,5,5,5,5,5,5,5,1,2,4,5,5,3,5,5,3,1,1,2,2,3,3,5,3,3,4,3,3,25,1,1,3,1,40,3,2,2,2
40,6,6,2,6,6,5,5,5,5,6,6,6,6,6,6,6,6,4,4,4,4,4,4,4,2,1,2,3,1,1,4,4,2,2,1,1,6,4,3,3,1,1,4,4,4,1,5,3,4,2,3,4,4,4,5,5,4,4,4,4,4,3,5,5,5,5,5,3,5,3,3,3,3,2,2,5,3,5,3,3,4,4,4,3,3,3,3,1,1,1,1,3,3,3,40,2,4,7,2,240,4,3,2,3
43,5,4,4,7,7,6,4,6,6,5,7,5,6,6,4,7,5,2,2,3,7,5,7,3,3,2,2,4,4,5,4,3,1,1,1,1,6,4,3,2,4,6,5,4,4,4,3,4,3,4,5,5,3,4,5,3,3,5,4,3,5,1,5,5,1,4,5,3,5,5,5,5,5,3,4,2,2,5,4,4,5,4,3,4,2,3,4,1,4,1,4,1,1,4,37,2,1,5,4,,4,1,2,1
46,7,7,7,7,7,7,7,7,7,7,7,7,7,7,7,7,7,7,7,7,7,5,5,5,5,1,4,3,3,4,1,3,1,1,1,1,6,6,2,2,6,5,2,2,3,3,5,5,5,2,3,5,2,2,5,5,5,5,5,5,5,2,5,5,5,5,4,4,4,3,3,3,5,3,3,5,5,5,3,3,3,3,4,2,2,2,4,1,2,1,1,2,2,2,42,2,1,5,3,100,10,2,3,2
47,5,5,5,6,7,6,7,7,6,6,6,6,6,6,6,6,6,6,6,6,6,6,6,6,4,4,3,4,4,4,1,2,1,2,1,1,2,2,2,2,1,3,4,4,4,4,4,3,3,3,2,3,4,4,1,1,2,2,2,2,2,2,2,2,2,2,2,2,3,3,3,5,5,3,2,2,2,2,2,2,2,3,2,4,4,4,4,1,2,2,3,2,2,2,32,2,4,1,0,,3,3,3,2
50,5,5,6,5,5,5,5,5,6,6,6,6,6,5,5,6,6,5,5,5,5,6,6,6,2,2,2,4,3,3,2,2,2,2,5,4,5,3,2,2,5,5,4,3,4,2,4,3,3,2,2,4,3,3,2,2,4,3,3,5,4,3,3,2,2,3,4,4,4,3,4,5,5,2,2,3,2,3,4,3,3,3,3,4,4,4,4,1,2,1,2,2,2,2,25,1,1,2,2,50,3,4,2,2
51,7,3,4,6,6,3,6,6,5,5,6,3,6,7,6,6,6,6,6,6,6,5,6,6,4,4,4,4,4,4,1,3,1,2,1,2,2,2,2,2,1,2,3,4,4,3,3,3,2,2,2,3,4,3,5,3,3,3,3,2,1,2,1,1,1,2,2,2,3,2,1,3,3,1,1,1,1,2,1,1,3,3,4,2,2,2,3,2,2,2,2,4,4,3,36,2,1,4,1,,3,1,2,2
54,5,6,6,6,6,5,6,6,5,5,6,6,5,5,5,5,5,5,5,5,5,5,6,6,2,4,4,4,2,2,2,3,3,4,2,2,3,5,3,3,2,2,3,4,4,3,2,2,2,2,3,3,3,3,4,4,3,3,3,3,3,2,2,2,2,2,2,2,3,2,2,2,3,2,3,3,3,3,2,2,3,3,3,3,2,2,4,1,1,1,1,2,3,2,25,2,4,4,2,350,2,1,2,2
56,6,6,6,6,6,6,6,6,7,5,6,6,6,4,6,6,6,7,7,7,7,7,7,6,4,4,4,4,5,3,1,1,2,2,1,1,4,1,2,2,4,2,4,4,4,3,2,2,2,5,5,2,3,2,3,3,3,3,3,2,1,1,1,1,2,3,4,4,3,4,4,5,5,4,3,4,3,4,2,3,4,4,4,1,1,1,1,2,2,2,4,4,4,4,24,2,3,3,1,3,3,4,3,4
63,5,6,5,6,5,6,5,5,5,5,5,5,5,5,5,5,5,4,5,5,5,6,6,6,2,2,1,1,1,1,2,2,2,2,2,4,6,5,3,3,6,6,2,2,2,3,3,3,3,2,2,4,3,3,3,3,3,3,3,3,3,3,3,3,3,3,4,3,3,3,4,5,4,3,2,3,4,4,4,4,5,5,5,5,2,3,3,1,1,1,1,2,2,2,26,2,1,5,2,85,3,1,2,2
67,6,7,7,6,6,7,7,7,6,5,7,6,6,6,6,7,7,6,7,6,7,6,6,5,4,4,4,4,4,4,1,1,1,1,2,2,2,1,2,2,1,2,4,5,4,3,2,2,2,3,2,2,2,2,2,2,3,3,3,3,2,2,2,2,1,3,2,2,2,2,2,2,2,2,1,2,1,2,2,2,4,4,4,3,4,4,4,4,4,4,4,4,4,4,30,2,1,5,0,30,3,1,2,4
68,4,6,4,3,6,5,4,3,4,2,3,3,3,4,4,4,5,4,3,4,5,5,6,4,2,2,2,3,2,3,5,4,3,2,4,4,6,6,4,5,6,6,3,1,2,4,4,3,5,3,5,4,4,4,5,5,5,4,4,3,5,3,3,3,4,5,4,5,4,4,3,4,5,2,2,4,4,5,2,3,4,4,4,2,2,3,2,4,3,1,4,2,2,1,25,1,5,2,3,35,3,2,2,2
70,6,6,6,6,6,7,7,7,7,7,6,6,6,6,7,7,6,5,3,3,3,6,6,6,1,2,3,1,1,1,2,2,2,2,2,2,5,5,5,2,5,5,4,4,4,2,4,2,1,3,4,5,5,5,5,5,5,5,5,5,5,3,4,5,5,5,5,5,2,3,4,5,5,1,1,3,2,4,3,1,4,4,5,4,4,4,4,1,1,1,3,2,4,1,21,2,5,3,1,150,2,1,2,2
74,3,6,6,6,7,6,6,6,6,6,6,6,6,6,7,7,6,6,6,6,6,6,6,6,4,3,4,2,2,3,2,2,3,3,2,2,2,4,3,3,2,2,5,4,5,2,4,3,2,2,2,4,3,3,3,3,4,3,4,3,3,3,3,2,3,2,2,3,3,3,2,3,3,2,3,4,3,3,3,2,4,3,4,4,4,4,4,1,1,1,1,4,4,2,52,2,5,3,1,95,3,2,2,2
76,3,6,3,3,3,3,4,3,3,3,3,3,4,3,3,3,3,4,3,3,3,3,4,3,3,2,2,3,3,3,2,2,3,3,2,3,2,3,5,5,2,3,3,3,3,2,4,4,3,2,2,3,5,4,4,3,3,3,3,3,4,2,4,4,1,3,5,3,4,3,3,4,4,3,2,5,4,2,4,2,3,3,4,3,3,4,3,1,1,1,1,2,2,2,32,1,1,3,0,75,3,2,2,2
81,6,7,7,7,4,5,3,3,6,5,7,4,4,6,5,7,4,3,6,5,4,3,6,6,2,3,4,2,1,4,2,3,2,2,5,4,4,5,1,1,4,5,4,4,4,1,5,2,4,2,2,4,3,3,4,2,4,3,2,3,4,3,4,2,1,3,2,3,4,3,2,4,3,3,2,2,1,2,1,2,4,4,3,4,4,5,4,2,4,2,3,4,4,3,24,2,2,6,3,40,3,1,2,4
82,4,6,4,6,5,6,6,6,6,6,6,4,6,3,3,5,4,7,7,7,4,7,4,4,4,4,4,3,3,3,4,1,2,2,2,3,3,4,3,3,3,3,5,3,4,2,3,2,2,3,2,3,2,3,3,2,2,2,2,2,2,2,2,1,1,2,3,2,2,2,3,4,4,3,3,2,1,2,1,1,2,2,2,4,4,3,2,5,3,5,5,5,5,5,23,2,1,3,3,1,4,2,3,5
87,5,5,4,5,4,3,3,4,5,5,5,5,4,5,6,5,5,5,6,5,5,6,5,6,4,4,4,3,4,4,2,3,2,2,2,4,2,3,2,2,2,2,3,3,3,3,3,2,2,3,3,5,4,3,3,2,4,4,4,4,4,2,4,2,2,3,2,1,1,1,3,2,1,3,2,3,2,3,2,2,2,2,3,2,2,4,3,1,3,1,1,3,4,3,23,2,1,2,2,,3,2,2,3
89,5,6,5,6,6,5,4,6,5,5,6,6,5,4,5,5,5,6,5,5,6,6,6,6,3,4,4,3,3,3,3,2,2,2,2,3,3,2,4,3,2,2,3,4,4,3,2,2,2,1,1,2,4,3,4,3,3,3,3,4,2,2,3,2,3,2,3,2,2,2,2,3,3,2,3,3,2,2,2,1,3,3,4,5,5,5,5,1,4,2,3,3,3,4,30,1,1,4,1,96,6,1,2,3
99,3,4,4,4,3,4,3,4,4,3,4,5,4,5,5,5,5,5,3,3,3,4,4,4,2,3,4,3,2,3,2,3,3,4,3,2,2,2,2,3,3,5,2,2,2,3,3,2,2,2,2,4,3,2,2,1,3,3,2,4,2,2,2,3,2,3,3,2,4,3,2,4,4,2,2,4,3,1,1,3,5,2,2,3,3,4,5,1,1,1,1,4,4,4,32,1,1,6,1,10,3,3,2,2
100,4,5,3,5,7,2,2,4,4,7,7,7,6,4,6,6,6,6,5,6,6,6,6,6,4,4,5,2,2,2,2,2,2,2,2,3,3,2,2,2,2,4,4,4,4,2,2,2,2,2,2,2,2,2,2,2,4,4,3,3,2,2,2,2,1,3,2,3,2,3,2,3,3,2,2,2,3,3,2,2,2,2,2,4,4,4,4,1,1,1,1,4,4,2,39,2,1,3,1,20,3,3,2,2
104,7,7,7,7,7,7,7,7,7,6,7,7,7,7,7,7,7,6,7,7,6,7,7,7,3,4,2,2,2,2,2,2,2,2,1,2,4,4,2,3,2,5,4,3,3,3,4,2,5,5,4,4,3,4,5,5,4,3,5,4,2,2,3,2,1,3,5,3,3,3,4,3,2,3,3,3,4,4,3,3,1,2,2,2,2,2,2,1,2,1,2,2,2,2,22,2,4,3,1,100,3,1,2,2
113,5,3,1,4,5,3,3,3,3,5,6,5,5,3,3,3,3,4,5,5,4,4,6,5,4,3,3,3,3,3,2,2,2,3,3,4,2,2,3,2,5,5,3,4,4,2,4,2,2,4,4,4,3,4,4,5,3,3,3,3,2,2,4,3,3,4,3,2,3,3,3,5,5,2,2,2,3,4,4,4,4,4,4,2,2,2,4,2,1,1,1,4,2,2,26,1,1,2,0,120,2,3,2,4
114,5,6,6,6,6,6,6,6,6,5,6,6,6,6,6,6,6,6,6,6,6,6,6,5,3,4,4,4,4,4,1,1,2,2,2,3,2,2,3,2,3,3,4,4,4,3,4,3,3,3,3,4,2,3,3,3,3,3,3,3,3,2,4,2,2,3,3,3,3,2,3,1,1,3,2,3,1,3,1,2,4,4,3,4,4,4,4,4,1,3,4,2,3,2,45,2,1,3,3,100,3,1,2,2
119,4,6,3,7,7,1,5,6,6,6,7,6,7,6,6,6,6,7,6,6,6,6,7,7,4,2,4,3,3,3,1,1,1,1,2,2,5,1,2,2,5,4,4,4,4,4,3,4,3,3,3,5,3,3,2,2,3,3,3,3,2,3,4,1,1,4,5,4,4,4,4,2,2,2,2,3,1,3,4,1,1,1,1,4,4,4,4,1,1,1,1,3,2,2,20,2,4,3,0,30,1,2,2,3
120,4,3,2,3,3,2,3,4,3,4,3,3,3,3,3,3,3,3,3,4,3,3,3,3,3,4,4,3,3,3,3,3,3,4,3,3,3,3,3,3,1,1,4,3,4,2,3,2,3,3,2,3,2,2,2,2,4,4,4,4,2,2,3,1,2,2,3,3,2,2,3,3,3,3,2,3,2,2,4,1,3,4,3,4,4,4,4,3,3,3,3,4,4,4,42,2,2,3,3,100,3,1,2,4
123,4,3,4,7,7,3,7,7,7,7,7,7,7,7,7,7,7,7,6,7,5,7,7,7,5,3,3,2,2,1,3,5,1,1,2,3,4,6,1,1,1,1,5,5,5,3,3,3,4,3,2,3,4,3,4,4,5,5,5,5,3,3,4,2,2,3,4,2,2,4,3,5,5,2,1,3,1,1,1,1,5,5,5,5,5,3,5,5,5,5,5,5,5,2,24,2,1,3,1,10,2,2,2,5
124,5,6,4,7,6,7,7,6,5,5,6,6,5,5,6,6,6,6,6,6,6,6,7,7,4,2,4,3,3,3,5,4,2,2,3,2,5,4,2,2,4,3,3,3,4,2,2,2,2,2,2,3,2,2,3,3,4,4,4,3,2,1,4,2,1,3,2,2,3,2,2,4,4,2,2,2,2,4,2,2,3,4,3,4,4,4,4,2,2,2,2,4,3,3,42,1,1,3,2,,3,3,2,4
127,3,3,2,4,4,4,4,3,4,5,5,5,4,5,5,5,5,4,4,4,4,5,5,5,4,3,4,4,4,4,2,3,4,4,4,4,1,2,4,4,3,3,3,3,3,3,3,4,4,3,2,3,3,4,2,2,2,2,3,3,2,2,4,1,3,4,3,2,3,3,4,3,3,2,2,4,3,5,2,1,4,3,3,3,3,2,3,2,2,2,2,4,4,4,34,2,1,4,3,,3,1,2,4
133,2,7,7,6,6,5,5,5,4,4,6,5,5,3,5,5,5,5,6,6,6,6,5,5,4,4,4,3,3,4,2,2,1,2,5,3,2,1,2,3,1,2,5,3,4,2,1,1,1,1,3,4,2,1,1,2,5,5,4,3,3,1,1,2,1,2,3,3,2,2,2,1,1,1,4,3,1,2,1,1,3,3,4,4,4,4,5,1,4,4,4,2,2,3,20,2,1,2,2,500,2,1,1,2
137,3,3,2,3,3,3,2,3,3,2,2,3,3,3,3,3,3,3,3,3,2,2,3,3,4,4,5,4,3,3,3,3,2,2,1,2,1,1,3,2,1,1,4,3,3,3,3,1,3,1,1,2,2,3,1,1,5,5,3,5,1,3,1,1,1,1,2,1,2,2,1,1,3,1,1,1,1,2,1,1,4,4,4,5,5,5,5,1,3,1,3,5,5,4,50,2,2,6,1,30,1,1,2,5
139,7,7,4,6,6,7,6,7,7,7,7,7,7,4,7,7,7,5,6,6,7,4,7,5,2,3,2,2,4,3,1,1,1,1,5,5,4,6,3,3,4,3,2,3,2,4,4,3,5,3,3,5,5,4,3,3,4,4,4,4,5,2,5,4,5,3,4,3,3,3,4,5,5,4,3,5,4,5,3,3,4,3,2,2,2,3,3,1,4,1,4,2,3,2,28,1,1,5,2,200,2,3,2,2
142,5,6,3,6,7,6,6,6,5,5,5,6,6,4,7,7,6,6,7,7,7,7,6,6,4,5,4,5,4,5,1,1,2,2,4,4,1,1,1,1,1,1,5,5,5,3,3,1,2,2,2,2,2,2,3,3,4,4,4,4,2,3,3,3,3,3,3,2,2,1,1,1,2,3,2,2,3,3,1,2,3,3,3,4,4,5,4,3,4,1,1,4,4,4,23,2,1,2,1,30,3,2,2,4
143,6,6,3,6,6,7,6,6,6,6,6,6,6,6,6,6,6,3,5,5,5,5,5,5,4,4,4,4,2,4,2,2,1,1,1,1,4,3,2,2,2,2,4,4,4,2,4,2,4,1,1,4,1,3,5,5,4,4,2,4,3,2,2,2,1,3,3,2,2,2,2,1,1,3,3,4,2,3,2,2,4,4,3,4,4,4,4,1,2,2,2,4,4,2,40,2,1,7,0,50,3,2,2,2
144,6,6,5,6,6,6,6,6,6,6,7,7,6,5,5,6,5,4,5,5,5,5,5,5,5,4,4,2,2,2,4,3,2,3,5,5,2,3,2,2,3,4,4,4,4,3,3,3,3,2,2,2,2,3,5,5,5,5,4,4,2,2,2,2,2,2,2,3,3,3,3,2,2,2,1,2,2,3,1,1,4,4,4,4,4,4,4,1,1,1,1,3,4,4,21,2,1,3,0,80,0,1,1,3
147,5,5,4,4,4,5,5,4,4,4,4,4,4,4,5,4,4,4,3,3,3,4,3,3,3,3,3,2,2,2,2,2,3,3,4,4,4,5,3,3,4,4,3,3,3,2,3,3,5,4,4,3,2,4,3,3,4,4,4,4,4,2,2,2,2,4,2,4,3,4,2,4,4,4,3,5,2,2,3,2,4,4,4,3,2,2,2,1,1,1,1,2,2,2,21,2,1,3,2,,2,1,2,2
151,7,7,6,7,7,7,6,6,6,6,6,6,6,6,7,6,6,6,7,7,7,7,6,6,3,2,4,4,3,3,1,1,1,1,2,2,3,2,2,1,1,2,4,4,4,3,3,3,3,2,2,3,3,3,3,3,4,4,4,4,3,2,2,2,1,3,3,3,3,2,3,3,2,3,2,1,1,1,1,1,4,4,4,5,5,5,5,1,3,1,3,3,4,3,20,2,1,2,0,100,2,2,2,3
158,6,6,4,7,7,6,6,7,7,4,4,4,7,7,7,7,7,7,6,6,6,4,6,6,4,4,5,3,3,3,2,2,2,2,1,1,2,2,2,2,1,1,5,5,5,3,1,1,1,1,2,3,1,1,1,1,2,3,3,3,1,3,1,1,1,2,1,4,2,4,1,1,2,2,2,2,1,1,1,1,5,5,4,4,4,4,4,1,1,1,1,4,4,4,58,2,1,2,1,100,1,1,2,4
163,5,6,4,6,6,6,6,5,5,6,6,6,6,5,6,5,5,4,5,5,5,5,5,5,3,4,5,3,2,3,2,3,2,2,3,4,4,4,2,2,4,4,5,4,4,3,3,3,2,2,3,3,4,2,2,2,3,3,3,3,2,2,2,1,1,3,3,2,3,2,2,2,2,3,1,2,2,3,2,3,3,3,3,3,4,4,4,2,2,3,3,4,4,4,30,2,1,4,1,30,3,2,1,4
165,6,7,7,7,7,3,7,7,7,7,6,6,7,7,7,6,7,5,7,7,7,6,7,7,4,4,4,2,2,2,4,2,2,2,1,2,1,1,1,3,1,1,5,5,5,2,3,1,3,1,1,2,3,1,3,4,4,4,3,3,1,1,1,2,1,3,1,1,1,1,2,1,1,2,2,1,1,2,1,1,1,1,1,4,4,4,4,1,4,2,4,5,5,5,25,2,1,5,2,200,2,2,2,5
166,4,5,3,5,5,5,5,4,4,2,3,3,5,3,5,5,4,4,3,4,5,5,6,6,4,4,4,3,3,3,2,2,2,3,5,5,4,5,2,3,4,4,2,3,3,3,2,2,4,2,4,5,3,5,5,5,3,3,4,3,2,2,3,2,2,3,3,2,2,4,3,4,4,2,2,2,2,2,2,2,4,4,4,4,4,4,4,1,1,1,3,4,4,3,28,1,1,4,3,60,3,2,2,4
167,4,4,4,4,6,5,5,6,6,5,5,6,6,5,5,5,4,6,6,6,6,6,5,5,1,3,4,3,2,3,4,4,2,1,3,4,6,6,2,2,4,5,4,4,4,5,4,4,3,3,4,5,4,5,5,5,5,5,5,5,4,2,3,4,3,3,3,5,3,4,4,5,5,4,4,3,2,2,2,2,4,4,4,4,4,4,4,1,3,1,3,3,3,2,30,1,1,9,2,250,2,3,2,3
171,5,7,5,7,6,3,5,5,6,7,5,5,5,5,6,6,5,4,5,6,6,5,7,7,4,4,4,3,3,3,2,2,2,2,4,4,2,2,2,2,3,5,4,4,4,3,4,2,2,1,2,2,2,3,4,3,5,5,4,3,1,1,1,1,1,2,3,2,2,2,2,4,4,3,2,3,2,4,1,1,4,4,4,2,4,4,4,4,2,4,2,4,4,4,29,1,4,1,4,5,5,2,3,4
173,4,6,5,6,5,6,6,6,5,5,6,6,5,5,5,4,5,5,5,5,5,5,6,6,3,3,4,3,3,3,1,2,2,2,3,2,3,2,2,2,2,2,4,4,4,3,3,3,4,1,2,2,2,3,3,3,4,3,4,2,1,2,1,1,1,3,2,4,3,4,2,1,1,1,1,2,1,3,2,1,4,4,4,4,4,5,4,1,2,1,2,3,4,3,43,2,2,2,0,80,2,1,2,3
181,5,6,6,5,6,5,5,5,6,6,5,5,5,5,4,5,5,6,6,6,6,6,5,5,3,4,4,3,2,2,2,2,2,2,3,3,4,4,3,3,4,2,3,4,3,3,3,3,4,3,2,4,4,3,4,4,3,3,3,3,3,3,4,3,3,3,4,3,3,3,3,2,2,2,2,2,2,2,3,3,2,2,2,3,2,3,4,2,2,2,3,2,2,3,21,2,1,2,1,300,1,2,2,2
184,5,6,4,7,7,7,7,7,6,6,7,7,7,7,7,7,7,6,6,6,6,7,7,6,4,3,2,3,3,3,5,4,2,2,3,3,2,2,2,2,3,2,4,4,5,4,5,3,4,3,5,4,5,5,5,5,3,3,3,3,4,5,4,4,3,3,3,3,3,3,4,4,4,3,3,3,2,2,2,2,3,5,3,4,4,4,4,1,2,1,2,4,4,2,52,1,1,7,2,65,3,2,1,4
185,6,6,5,6,7,6,6,6,5,6,6,6,6,5,6,6,6,6,6,6,6,6,6,6,3,3,4,4,2,3,2,2,2,2,2,4,5,4,2,2,5,6,3,3,3,2,4,3,4,3,4,4,4,4,4,4,3,3,3,3,2,2,3,2,2,4,4,2,3,2,4,4,4,2,2,3,3,4,3,2,4,4,4,4,4,4,4,1,2,1,3,3,2,2,25,1,4,4,3,80,3,3,2,3
186,6,7,6,6,7,7,7,6,6,6,7,7,6,6,6,6,7,5,7,7,6,7,7,7,4,4,5,3,4,4,2,4,2,2,2,3,2,2,2,2,2,2,4,4,4,1,2,1,3,2,3,2,3,2,2,2,3,3,2,4,3,2,3,2,1,2,2,2,2,1,2,1,1,3,2,2,1,3,1,1,4,4,3,4,4,4,4,1,1,1,1,5,5,4,24,2,4,5,2,63,2,4,3,2
190,6,4,6,2,6,7,6,6,6,6,7,7,7,7,7,7,6,2,7,7,7,5,3,3,5,4,4,5,4,2,1,1,1,1,1,1,6,6,2,2,5,6,5,5,5,4,5,4,4,4,4,5,4,4,5,5,4,4,4,4,4,5,5,4,3,4,4,2,2,2,2,5,5,2,1,2,1,1,1,1,4,4,4,2,4,2,4,1,1,4,1,2,4,4,39,2,1,5,0,180,3,2,2,2
191,7,7,7,7,7,7,6,7,7,7,7,7,7,7,7,7,7,4,6,6,7,7,7,6,4,4,4,5,4,4,1,1,1,1,1,1,1,1,3,2,1,1,4,4,4,2,3,3,3,1,1,3,3,2,3,3,3,3,3,2,2,1,1,1,1,2,2,2,2,2,2,3,3,2,3,3,3,3,2,2,4,4,3,3,3,3,3,2,2,2,2,1,4,4,40,2,1,4,0,75,3,2,2,1
196,7,7,7,7,6,7,5,7,6,5,6,7,6,6,6,6,6,5,5,5,5,5,7,6,2,2,2,3,3,3,3,3,2,2,2,3,4,3,3,2,4,4,2,2,3,1,3,3,4,2,2,4,1,2,3,1,5,5,5,5,1,2,3,2,1,3,4,2,3,3,2,4,4,3,3,5,4,5,3,5,3,3,3,3,3,4,4,1,2,1,2,3,3,2,24,1,4,1,2,35,3,2,2,3
199,3,3,3,3,4,4,3,3,3,3,3,3,3,3,3,3,3,4,3,3,3,3,3,3,3,4,5,2,2,2,4,3,2,2,4,4,3,3,3,3,4,4,4,4,4,3,3,2,2,2,3,3,3,2,4,4,4,4,4,4,4,2,3,3,3,2,2,2,2,2,2,2,2,1,1,1,1,1,1,1,3,3,3,4,4,4,4,4,3,4,3,4,4,4,24,1,1,2,2,25,3,2,1,4
202,5,6,2,6,6,6,6,6,6,6,6,6,6,6,6,6,6,6,6,6,6,6,6,6,4,4,4,3,3,3,3,3,2,2,4,2,2,2,2,2,1,1,5,5,5,2,3,2,2,2,3,2,2,2,2,2,3,2,2,2,3,2,1,2,1,2,2,3,2,2,2,2,4,2,2,1,2,2,2,2,3,3,4,4,4,4,4,1,2,2,2,3,3,3,60,1,2,2,1,100,3,3,2,3
207,4,5,5,6,4,5,6,4,4,5,5,5,5,3,3,4,3,4,4,3,4,5,7,5,2,1,2,4,3,3,3,3,3,3,4,4,5,6,5,5,6,5,3,3,3,3,2,3,5,4,5,5,5,5,5,5,5,5,4,5,5,4,5,5,5,5,5,4,4,5,4,5,5,4,4,5,4,5,5,4,5,5,5,4,2,3,3,1,4,1,3,2,2,3,25,2,4,2,2,200,2,2,1,2
210,7,7,7,6,7,6,6,6,6,6,6,6,6,6,6,6,6,6,6,6,6,6,6,6,5,4,2,2,2,2,5,5,2,2,4,5,2,2,2,2,1,1,4,5,5,4,3,1,1,1,1,4,3,3,1,1,5,5,4,4,5,4,4,4,2,3,3,2,2,2,2,5,5,2,2,2,1,1,1,1,4,4,4,5,3,3,4,1,1,1,1,2,3,3,28,2,1,3,1,100,2,3,2,2
218,5,6,3,6,7,4,6,7,7,4,6,6,7,6,5,5,6,7,7,7,7,7,7,7,5,3,4,4,4,5,1,2,2,1,1,2,5,3,2,2,4,5,4,5,5,5,1,4,4,2,4,5,4,5,4,4,2,2,2,2,2,4,2,2,1,4,4,3,4,2,4,3,4,2,4,2,5,4,4,5,3,3,3,3,3,2,3,1,1,1,2,3,2,2,29,1,1,4,3,125,4,3,3,3
219,7,7,6,5,7,5,6,6,5,5,5,5,6,5,5,5,5,7,7,7,7,6,5,7,3,3,4,4,4,4,3,3,2,2,3,3,4,4,3,2,2,2,3,3,3,3,3,2,2,3,2,3,3,2,3,3,5,5,4,5,3,2,1,2,1,2,2,2,2,2,3,4,4,3,3,3,2,2,2,1,2,3,4,3,2,2,2,1,2,2,3,2,2,2,27,1,1,3,1,40,2,2,2,2
228,3,3,3,7,3,7,7,7,3,3,3,3,3,7,7,7,7,3,3,3,3,3,3,3,5,5,4,3,4,3,1,1,3,3,1,1,2,2,3,3,1,1,4,4,4,2,2,2,2,2,2,3,2,2,1,1,4,2,4,4,2,2,2,2,2,2,2,2,2,2,2,3,2,2,2,5,2,2,2,1,4,4,4,4,4,4,4,1,1,1,1,2,2,2,47,2,3,2,1,150,2,2,2,2
229,4,6,7,5,7,4,4,5,6,6,6,6,6,7,7,6,6,5,6,6,6,6,6,6,4,4,5,3,3,3,1,1,1,1,1,1,1,1,1,1,1,1,3,3,4,1,3,2,2,1,1,1,1,1,3,4,4,4,4,4,3,1,3,2,1,1,1,1,1,1,1,1,2,2,1,4,1,2,1,1,2,3,3,5,5,5,5,1,4,1,4,1,1,4,25,2,1,6,2,55,3,2,2,1
230,5,5,5,6,6,5,5,6,6,4,6,5,5,6,6,6,6,5,6,6,5,5,4,5,5,5,5,3,3,3,1,4,2,2,1,1,1,1,2,2,1,1,5,4,5,2,2,3,3,1,2,4,5,3,3,3,4,4,3,5,1,2,1,2,1,1,1,1,1,1,1,1,1,1,1,2,1,1,1,1,4,4,4,5,5,5,5,2,4,2,4,3,4,2,25,2,1,3,0,125,0,2,,3
231,4,5,5,6,5,6,5,5,5,5,5,5,5,6,6,6,6,5,3,3,4,5,5,5,2,3,4,4,3,3,2,2,3,3,2,2,2,3,4,4,2,2,3,4,4,2,3,2,3,2,3,2,2,2,2,2,3,3,2,2,2,3,3,3,3,3,2,3,2,2,2,3,3,2,2,3,2,2,2,2,4,4,4,4,4,5,5,1,3,1,2,4,4,2,56,1,1,3,1,125,2,3,2,4
234,6,6,5,6,6,6,6,6,7,7,7,7,7,7,7,7,7,7,6,6,6,6,7,6,4,3,4,4,4,4,1,1,2,2,3,2,2,4,2,2,1,1,3,3,3,3,3,2,3,2,3,3,2,3,5,5,4,4,2,3,1,1,2,2,2,3,3,2,2,2,3,4,4,3,3,3,3,4,2,2,2,2,1,4,3,3,4,2,2,2,3,4,4,3,23,2,1,3,1,100,2,2,2,4
235,7,7,6,7,7,7,7,7,7,7,7,7,7,7,7,7,7,6,7,7,7,6,6,6,4,4,4,4,4,4,1,1,1,1,1,1,3,3,2,2,1,1,4,5,5,2,1,2,1,3,2,3,3,3,3,3,5,4,3,4,1,2,1,1,1,3,2,2,2,3,2,1,1,1,1,1,3,3,4,3,3,3,3,2,2,2,2,1,1,1,1,4,4,3,56,2,2,4,0,135,0,1,1,4
243,6,6,3,6,6,3,3,3,3,4,3,3,6,6,6,6,5,4,4,5,4,6,5,6,1,3,2,4,2,3,2,2,2,2,4,4,3,3,3,3,4,4,3,3,4,2,3,2,3,2,3,3,3,3,2,2,4,4,3,4,3,3,3,2,2,3,2,4,3,2,2,5,5,2,3,3,2,3,3,3,3,3,2,2,2,2,2,1,2,1,1,2,2,2,27,1,1,2,2,200,5,3,1,2
249,6,6,5,7,7,6,7,7,5,6,7,7,6,6,7,6,7,6,6,6,6,6,6,5,4,5,4,4,2,4,1,1,1,1,1,2,4,2,3,2,6,6,4,3,4,2,3,2,3,1,3,3,2,2,1,1,3,3,2,3,1,3,3,2,1,3,3,2,3,2,3,2,3,1,2,2,1,3,3,1,4,4,3,5,5,5,5,5,5,1,5,5,5,4,44,2,2,1,2,50,3,1,2,5
253,7,7,7,7,7,7,7,7,7,2,7,4,7,7,7,7,7,7,7,7,7,7,7,7,2,5,2,5,5,5,1,1,1,1,1,1,3,1,1,1,1,1,5,5,5,4,4,2,3,3,2,5,2,4,1,1,2,2,2,2,2,2,2,1,1,3,2,3,3,3,2,5,5,2,2,2,2,2,2,2,5,4,2,1,1,1,1,5,5,5,5,5,5,5,31,2,1,2,2,50,3,2,2,5
257,3,4,3,4,4,4,4,4,5,5,4,4,4,4,4,4,4,4,6,6,4,6,3,5,4,5,5,4,4,4,2,2,2,3,2,3,1,1,1,3,1,3,4,4,4,2,3,2,2,2,2,1,1,1,2,2,2,2,1,1,1,1,2,1,1,1,1,3,2,2,1,1,1,1,1,1,1,1,1,1,4,4,3,5,5,5,5,1,2,2,2,5,5,5,18,1,4,7,0,25,0,1,1,5
259,4,7,1,5,4,7,5,5,7,7,7,7,7,5,5,6,5,4,5,5,5,7,7,5,4,1,2,4,4,4,1,3,2,2,3,4,6,5,2,2,6,6,4,3,4,4,4,4,4,5,5,5,5,5,5,5,3,3,3,3,1,2,1,5,1,5,5,3,5,5,3,5,5,1,3,4,5,5,5,5,3,3,3,2,2,2,2,2,2,2,2,2,2,2,32,2,1,3,3,250,4,2,2,2
262,4,6,2,6,3,5,4,4,4,4,5,5,4,3,4,4,4,4,5,5,5,6,5,4,2,4,2,3,2,3,2,3,3,3,4,5,2,4,4,3,3,4,1,2,2,1,3,1,3,1,2,3,2,2,5,5,5,4,2,1,1,1,3,3,1,3,2,2,2,3,2,4,4,2,1,1,3,3,2,2,3,3,2,3,3,4,5,1,2,1,4,2,4,4,30,2,1,4,3,100,3,2,2,2
273,7,7,6,7,7,6,7,7,7,7,7,6,6,7,7,7,7,3,4,3,4,6,6,7,3,2,2,4,3,4,5,4,3,2,1,2,3,6,2,2,3,5,4,4,4,3,4,2,5,4,5,5,4,5,5,4,4,4,3,4,4,4,4,4,3,3,3,4,4,4,3,5,5,3,2,4,4,4,3,3,4,4,3,2,3,3,3,1,3,1,3,2,3,2,40,2,1,5,1,37,3,4,2,2
282,5,7,7,7,7,7,7,7,7,6,7,6,7,7,7,7,7,7,5,7,7,7,7,7,4,2,4,4,4,4,2,2,1,1,1,3,6,6,1,1,5,5,4,4,4,3,3,3,3,4,4,5,5,5,3,3,4,4,4,4,2,2,3,2,2,4,4,4,4,4,3,4,4,2,2,4,4,5,4,4,4,4,4,2,2,2,3,1,1,1,1,3,3,2,50,2,1,5,1,50,3,2,2,3
283,3,5,5,5,5,6,6,5,7,7,5,6,5,3,4,5,5,3,2,2,4,5,6,6,4,4,4,2,3,2,3,2,2,2,5,5,1,2,2,2,2,3,3,4,3,3,3,1,1,1,3,2,4,2,2,2,4,4,3,4,3,2,3,2,2,2,3,3,2,2,2,1,1,1,1,2,1,2,1,1,4,4,4,4,5,5,5,1,2,2,3,3,3,3,23,1,4,6,0,150,0,2,2,3
290,6,7,7,7,6,7,6,6,6,6,6,5,6,5,6,5,6,5,5,5,1,6,6,6,4,3,4,3,2,2,2,4,1,2,3,3,2,2,2,2,1,4,5,5,4,1,3,2,3,2,2,3,2,2,2,2,3,4,3,4,1,2,2,2,1,3,3,2,3,2,3,3,4,2,1,3,3,3,3,2,4,4,3,4,4,4,4,2,2,1,3,2,3,3,39,2,1,2,3,80,7,2,3,2
300,3,4,2,5,3,5,5,5,5,6,5,5,5,4,5,4,4,7,4,4,5,5,5,5,4,5,5,5,5,5,2,2,2,3,1,2,3,2,3,3,2,2,3,4,4,2,1,1,1,2,2,4,2,3,2,2,1,1,2,2,1,2,1,1,1,2,2,2,2,2,2,2,3,2,1,3,3,2,2,1,2,3,3,3,4,3,5,1,1,1,4,3,4,2,22,2,1,2,1,20,2,1,2,3
301,5,7,6,7,7,6,5,7,7,7,7,7,7,7,7,7,7,5,6,6,6,7,7,6,5,1,4,5,4,4,1,1,1,2,1,3,4,3,1,1,4,4,4,3,4,5,5,5,5,4,5,5,4,5,5,5,4,4,4,3,3,3,1,2,1,3,5,3,3,4,5,4,4,3,2,4,2,1,1,1,3,3,4,4,4,3,2,1,1,1,1,1,2,2,29,2,1,6,2,100,3,1,3,1
304,4,4,4,6,4,6,6,6,7,7,7,7,7,6,6,6,6,6,7,7,6,5,5,5,4,5,4,4,4,3,2,3,2,2,3,3,2,3,2,2,1,1,4,4,4,3,3,3,2,1,2,3,2,2,3,3,3,3,3,3,3,2,3,2,2,3,1,2,1,2,3,2,1,2,2,3,1,1,1,1,2,2,2,4,4,4,4,1,3,3,3,5,5,4,25,2,3,2,0,60,1,2,2,2
307,4,6,5,2,3,5,2,5,5,6,7,7,5,7,7,7,7,2,7,7,7,7,7,5,1,2,1,1,1,1,4,2,4,2,6,5,4,3,4,4,5,5,1,1,1,4,4,4,4,4,4,5,5,5,5,5,5,5,5,5,5,5,5,5,5,5,5,4,5,5,5,5,3,2,3,3,4,5,1,3,5,5,3,4,2,2,4,1,1,1,1,4,4,2,26,2,1,3,3,15,3,2,2,2
308,7,7,4,7,7,6,7,7,6,6,7,7,7,6,7,6,7,4,5,5,7,5,4,5,5,4,5,5,3,5,1,1,1,1,1,3,1,2,2,2,1,2,5,5,5,2,1,3,1,1,1,4,1,1,3,2,4,4,1,1,1,1,1,1,1,1,1,2,3,2,1,1,1,1,1,1,1,1,1,1,4,4,2,3,3,4,5,1,3,1,3,4,4,4,22,2,1,3,0,75,0,1,2,4
318,5,5,5,6,5,7,6,6,6,5,5,5,5,6,6,6,6,5,4,4,5,5,6,6,2,1,2,4,2,4,1,2,2,2,2,2,4,6,3,3,5,5,4,4,4,3,4,2,3,2,4,4,4,4,4,4,5,5,5,4,1,3,1,3,2,3,3,3,3,4,3,4,4,3,3,4,2,2,2,1,2,3,4,4,4,4,4,1,1,1,2,3,3,2,48,2,2,1,2,,2,2,2,3
323,6,6,4,6,6,6,5,6,5,5,6,6,6,5,6,6,6,4,5,5,5,6,6,6,4,3,2,3,4,4,4,4,2,1,3,3,5,6,2,2,5,5,3,3,3,4,5,4,4,3,4,5,4,4,5,5,2,3,2,2,3,3,3,3,3,4,4,4,4,4,3,5,5,3,3,4,4,4,4,5,3,3,3,4,4,4,4,1,2,1,2,3,2,2,29,2,1,4,2,5,3,2,1,3
325,5,5,6,6,6,5,5,6,5,6,6,6,6,6,5,5,5,5,6,6,6,5,6,6,4,4,3,3,3,4,3,2,2,2,2,3,4,2,2,3,4,4,4,4,4,4,4,3,4,1,2,1,4,3,3,2,4,3,3,4,2,1,2,1,1,4,4,1,1,3,2,3,2,2,2,3,2,1,1,1,3,3,2,2,1,4,3,1,4,1,4,2,4,2,38,1,1,6,1,150,5,3,3,2
326,6,6,6,7,7,6,6,6,5,5,7,7,6,6,6,6,6,7,7,7,7,7,5,5,3,3,2,2,2,2,3,4,2,1,5,5,4,4,2,2,5,5,4,4,5,3,5,5,5,3,2,5,4,3,5,5,5,5,5,5,4,3,3,2,3,3,3,4,4,2,2,5,5,3,2,2,4,4,5,3,5,5,5,2,1,4,4,1,1,1,1,3,3,2,25,1,1,2,2,200,2,2,2,3
327,5,6,4,3,5,6,6,6,5,5,5,6,5,6,6,6,6,6,5,5,6,7,6,5,2,4,4,2,2,2,3,4,2,2,2,3,3,3,3,3,3,5,3,3,3,4,3,2,4,2,3,3,3,3,4,4,3,3,3,4,3,3,3,3,2,2,3,2,2,2,2,3,2,2,2,4,2,2,1,1,2,3,2,2,2,4,4,1,2,1,2,4,4,4,19,1,3,3,0,100,2,2,1,4
331,6,4,3,5,4,6,6,5,5,6,7,6,6,4,5,5,6,6,6,6,6,6,5,5,2,4,2,2,1,1,2,3,2,2,4,5,4,3,3,3,3,5,2,3,3,1,2,2,2,3,3,4,3,4,2,2,5,5,5,5,4,2,5,3,2,4,3,4,4,4,5,4,3,3,2,4,5,5,4,5,4,4,4,2,2,2,2,1,1,1,1,2,2,1,23,2,1,2,0,10,1,2,3,2
338,7,6,6,6,6,6,7,6,6,6,6,6,6,6,6,6,6,3,2,2,3,5,5,5,4,3,4,4,4,3,2,4,1,2,3,3,5,5,3,3,5,5,4,4,4,3,3,3,4,2,2,3,3,4,3,3,3,3,3,3,1,3,3,4,3,4,4,4,3,2,3,4,4,2,2,3,2,4,2,2,2,3,3,4,5,5,5,2,2,2,2,4,4,4,35,2,1,3,2,75,3,2,2,4
341,6,6,7,7,6,5,5,5,6,5,7,6,7,6,5,5,6,5,5,5,5,6,6,6,2,3,2,2,2,2,3,4,1,2,6,6,6,6,2,2,5,6,4,4,4,4,4,4,4,4,4,4,4,4,5,3,3,3,3,3,2,3,3,2,3,4,4,4,4,4,3,5,5,3,3,4,3,3,4,4,5,4,4,3,3,3,4,1,1,1,1,2,3,1,24,1,4,2,3,100,3,2,2,2
341,6,6,7,7,6,5,5,5,6,5,7,6,7,6,5,5,6,5,5,5,5,6,6,6,2,3,2,2,2,2,3,4,1,2,6,6,6,6,2,2,5,6,4,4,4,4,4,4,4,4,4,5,4,4,5,3,3,3,3,3,2,3,3,2,3,4,4,4,4,4,3,5,5,3,3,4,3,3,4,4,5,4,4,3,3,3,4,1,1,1,1,2,3,1,24,1,4,2,3,100,3,2,2,2
347,5,7,7,7,7,1,3,3,1,2,2,5,4,4,6,6,5,3,4,4,3,7,7,7,2,1,1,3,3,2,6,4,3,3,1,1,6,6,5,6,6,6,1,1,1,3,5,1,1,3,5,5,5,5,5,5,3,3,3,3,4,3,3,5,4,5,5,4,4,4,3,5,5,2,1,4,5,5,5,3,1,1,1,4,4,4,2,1,1,1,1,1,1,1,51,2,2,1,2,,3,1,2,1
350,6,7,7,7,5,6,7,7,5,5,5,6,5,4,6,6,6,4,5,5,5,6,7,7,4,4,4,4,4,3,1,1,2,2,1,1,4,2,3,5,2,3,3,4,3,3,5,2,4,2,3,4,3,2,2,2,2,2,2,2,2,2,1,2,1,3,4,3,2,1,3,2,2,2,2,4,4,5,3,4,3,3,2,2,2,3,2,1,2,1,1,2,2,3,24,2,4,1,0,,2,2,2,2
355,5,7,4,7,6,5,5,6,4,5,5,5,5,5,4,6,5,5,5,6,6,6,6,6,3,3,4,3,3,3,2,2,2,2,4,4,5,5,3,3,2,5,3,3,3,1,3,2,2,2,2,2,2,2,2,2,3,3,3,3,2,2,2,2,2,3,2,2,3,2,3,2,2,2,2,2,3,2,2,3,2,3,3,4,4,4,4,1,1,1,1,4,3,3,23,1,1,2,0,200,2,2,2,4
356,5,7,4,5,6,5,4,5,5,5,7,7,5,3,4,4,4,5,6,6,5,7,7,7,4,4,4,3,3,3,4,3,3,3,4,4,2,2,2,3,1,2,4,5,3,2,1,1,2,2,3,3,4,2,1,1,4,4,3,3,3,2,3,2,2,2,2,3,2,2,3,2,2,2,2,2,2,2,2,2,4,4,4,4,4,5,5,1,3,2,3,5,5,4,18,2,3,4,0,50,1,1,2,5
359,5,5,2,6,6,1,6,6,6,4,6,6,6,6,6,6,6,5,5,5,2,6,4,4,3,2,4,3,3,3,3,1,2,3,2,2,5,2,4,4,5,5,3,3,2,2,1,3,2,3,4,2,1,4,5,5,2,1,2,3,3,3,3,3,1,3,4,4,4,4,4,1,1,4,3,4,4,4,4,4,3,1,3,1,1,3,3,1,1,1,1,4,4,3,30,2,1,4,3,40,3,2,2,4
368,6,6,5,7,6,5,5,5,4,5,5,6,6,4,4,5,4,6,6,6,6,5,6,5,2,3,4,3,2,2,4,4,2,2,4,4,1,1,3,3,3,4,4,3,4,4,4,2,2,4,4,2,3,5,3,3,5,5,5,5,5,3,5,3,3,3,2,2,3,2,4,5,5,1,1,2,2,2,2,2,3,3,2,4,4,4,4,1,3,2,3,4,3,3,25,2,1,2,2,100,2,3,1,4
369,4,3,6,6,6,3,5,5,6,7,7,7,7,7,6,6,6,6,6,6,3,6,5,3,5,5,5,4,4,2,2,2,1,2,4,4,1,1,2,2,1,4,4,4,4,1,4,1,2,1,1,1,2,1,3,2,5,4,3,5,1,2,4,3,1,1,1,1,1,1,1,1,3,1,1,4,1,1,1,1,5,4,4,4,4,5,5,1,1,1,1,5,5,5,43,2,2,2,2,50,2,2,3,5
379,6,7,5,7,6,6,6,6,6,6,6,7,6,4,5,4,4,4,3,4,5,6,7,7,2,2,2,3,2,2,3,2,2,2,3,3,4,4,3,3,5,4,3,2,3,4,3,3,3,3,2,5,5,5,4,4,5,5,5,5,4,4,5,4,4,4,3,4,4,4,4,5,5,2,2,4,4,3,5,5,4,4,4,2,2,2,2,1,1,1,1,2,2,2,23,2,3,7,2,70,3,2,1,2
385,5,6,5,6,6,6,5,6,4,4,5,5,5,5,6,5,5,5,5,5,5,5,5,5,4,4,4,3,3,2,2,2,2,1,2,3,2,2,2,2,2,2,4,4,4,3,3,3,3,2,2,2,2,2,3,3,4,4,3,3,2,3,3,2,3,3,2,2,2,2,3,3,3,3,2,4,2,2,2,2,4,4,4,4,4,4,4,1,2,1,2,4,4,4,28,1,1,3,2,,3,2,2,4
386,6,6,6,6,6,6,6,6,6,6,6,6,6,6,6,6,6,6,6,6,6,6,6,6,4,4,5,4,3,3,1,2,2,2,2,1,2,2,2,3,1,1,3,3,2,2,4,2,3,3,3,2,2,2,2,2,3,3,3,3,1,1,2,2,1,2,2,2,2,2,1,2,3,2,1,1,1,1,1,1,4,4,4,4,4,4,4,1,2,1,2,4,5,5,35,2,2,4,0,5,4,1,2,4
394,6,6,6,4,4,6,6,4,4,4,4,6,5,5,5,5,5,5,5,5,5,4,5,5,2,3,4,3,3,3,1,2,2,2,5,5,2,4,3,2,2,2,2,3,3,3,5,3,3,3,4,3,4,4,3,3,4,5,3,3,3,2,4,4,1,4,4,3,4,5,4,2,2,2,3,3,4,4,3,3,2,2,2,4,1,3,4,1,4,1,3,1,3,1,32,2,5,2,10,150,1,1,1,1
406,7,6,6,7,6,5,1,1,7,7,3,1,7,1,7,7,7,6,3,3,2,7,6,6,1,2,2,1,1,1,5,3,1,5,6,6,6,6,6,1,6,6,4,2,2,5,5,4,3,5,5,5,2,4,5,5,5,5,5,5,2,5,5,5,5,4,5,5,5,4,5,5,5,2,2,2,5,1,2,2,5,5,4,4,4,4,2,1,1,1,1,1,1,1,24,1,3,5,1,60,1,2,2,1
407,5,6,5,5,6,5,5,6,6,6,6,6,6,5,6,5,5,5,5,5,5,5,6,6,4,3,3,3,3,2,2,2,2,2,2,2,5,4,2,2,4,4,4,4,4,3,3,2,3,2,3,4,2,2,3,3,4,4,3,3,1,2,2,2,2,4,4,4,3,3,3,3,3,2,1,3,2,4,3,1,1,2,2,4,4,4,4,1,2,1,2,2,2,2,48,1,1,5,0,200,0,2,2,2
408,6,7,6,7,7,6,6,6,6,6,7,7,6,5,6,6,6,6,6,6,5,6,7,7,3,3,4,5,3,5,1,1,2,2,1,2,2,2,2,2,1,1,4,4,3,2,3,2,2,2,3,3,4,2,1,1,3,3,2,1,2,1,1,1,1,1,1,1,1,1,3,2,2,1,1,2,1,1,1,1,4,4,3,5,5,4,4,1,2,3,2,4,4,4,21,2,5,2,0,50,2,2,2,4
411,6,6,6,7,5,7,6,7,6,6,7,7,7,6,6,6,7,6,3,4,5,3,6,6,3,5,4,3,3,3,1,1,2,2,2,2,2,4,3,3,2,2,5,5,5,2,3,2,1,1,1,3,3,4,2,2,5,5,5,5,2,2,4,4,2,1,2,2,2,3,1,3,2,4,3,3,1,1,1,1,1,3,3,5,5,5,5,2,4,2,4,5,5,4,23,2,1,2,1,350,1,3,2,2
418,4,7,5,7,6,6,6,4,6,6,3,3,4,5,4,5,4,6,5,5,4,4,5,5,2,3,3,1,1,1,4,3,3,3,4,5,2,2,3,3,5,5,4,3,4,3,2,2,1,1,2,3,4,4,2,1,5,5,5,5,5,2,5,2,4,2,2,3,2,2,3,2,2,1,1,2,1,1,1,1,2,2,2,4,3,4,4,1,1,1,1,4,4,4,29,2,3,3,0,200,0,3,2,2
419,5,6,6,6,7,5,4,5,4,3,6,6,6,4,6,4,6,5,4,5,5,6,4,4,2,4,4,2,2,2,2,2,2,3,3,4,3,3,3,3,3,3,5,4,4,3,4,2,2,2,3,3,3,2,1,1,4,4,4,3,2,2,3,3,1,3,2,2,2,2,3,3,2,2,2,3,2,2,2,1,4,4,4,4,4,4,4,1,2,1,3,2,3,2,30,2,3,4,3,60,3,2,1,2
422,3,3,5,4,3,4,4,4,3,5,5,5,5,7,7,7,7,3,3,3,5,3,3,3,5,5,5,4,4,4,4,2,2,2,1,2,1,1,2,2,1,1,4,4,4,2,2,2,1,1,1,3,2,2,3,3,3,3,2,3,2,2,1,2,1,1,1,1,1,1,1,1,1,1,1,1,1,1,1,1,2,2,1,5,5,5,5,2,4,4,4,5,5,5,27,2,1,4,0,,3,1,2,5
425,6,6,5,6,6,6,6,7,6,6,6,6,6,6,6,6,6,5,5,5,5,6,7,6,4,4,4,3,3,2,3,4,2,2,4,4,4,3,2,2,2,3,4,4,4,2,2,2,2,3,2,4,4,3,1,1,4,4,4,4,3,2,3,1,2,2,2,2,3,3,2,3,3,3,3,3,3,3,2,2,1,2,2,2,3,3,3,1,2,2,3,3,3,4,32,2,1,2,0,15,2,2,2,3
429,7,7,6,7,7,6,6,7,6,5,6,5,6,7,7,7,7,7,7,7,6,7,4,5,3,2,2,3,2,2,2,2,1,1,2,2,4,5,2,1,6,6,4,4,4,4,4,3,2,2,5,5,2,2,3,2,5,5,5,5,2,1,5,2,2,5,5,5,5,5,5,5,5,3,2,4,3,4,5,5,1,1,3,2,2,3,4,1,1,1,1,4,2,2,28,1,1,4,1,300,2,2,3,4
439,4,4,4,3,5,3,4,4,4,4,4,4,4,4,4,4,4,7,7,7,7,7,7,7,4,4,4,2,2,2,1,1,2,2,1,1,1,1,2,2,1,1,4,4,4,3,2,2,2,2,2,3,2,3,2,2,5,5,5,5,4,2,4,2,3,2,2,2,2,2,3,1,2,2,2,2,1,1,1,1,2,2,4,4,4,4,4,1,1,1,1,4,4,4,21,2,1,2,0,30,2,2,1,4
440,3,4,4,4,4,4,4,4,4,5,5,5,6,5,4,5,5,5,4,4,5,6,7,7,3,4,4,3,3,3,2,2,3,3,2,3,2,2,2,2,2,2,4,3,4,3,3,2,4,1,2,3,3,2,2,2,3,3,3,3,4,2,4,2,3,3,3,2,2,3,2,1,1,2,2,2,1,1,1,1,4,4,4,5,5,4,5,1,4,1,4,5,5,5,54,2,1,2,2,100,3,1,2,2
442,7,7,6,6,7,5,6,7,7,7,7,7,7,6,7,7,7,6,6,6,6,6,5,5,4,3,4,5,5,5,2,2,1,1,5,2,2,1,2,2,4,4,3,3,3,2,3,2,2,3,3,4,3,3,3,2,3,3,4,3,4,2,4,4,4,4,4,4,3,3,2,2,2,2,2,4,4,4,4,4,4,4,4,4,4,4,4,2,2,4,2,4,4,4,31,2,1,4,2,100,3,1,2,4
443,5,6,3,5,4,5,6,4,6,7,4,3,4,4,6,6,4,3,3,3,3,4,3,3,4,3,4,4,2,3,1,1,1,1,2,1,6,6,6,6,6,6,3,3,3,4,5,5,5,2,3,5,5,4,3,3,3,3,4,4,2,2,4,5,4,4,5,3,4,2,4,5,5,3,3,4,1,3,1,1,2,2,2,3,3,3,3,2,2,1,2,2,2,2,30,2,1,4,1,15,3,2,2,2
444,3,5,4,4,5,4,4,4,4,4,4,4,4,5,4,3,4,3,4,4,3,3,5,5,5,4,4,5,5,5,1,1,2,2,1,2,2,2,2,2,2,2,3,5,5,3,2,2,3,3,2,3,2,2,3,4,1,1,1,2,1,2,1,1,1,3,2,3,2,2,2,2,3,1,1,2,1,1,1,1,4,5,3,4,4,4,4,4,2,2,2,4,4,4,39,2,1,4,1,10,3,2,3,4
447,6,6,5,5,6,6,5,5,5,4,6,5,4,5,6,6,6,6,6,6,4,6,6,6,3,4,4,4,3,3,2,2,2,2,5,5,2,2,2,2,2,2,4,4,4,2,4,2,4,2,3,4,5,2,4,2,5,5,5,5,5,2,5,2,4,2,2,2,2,2,2,2,2,1,1,3,1,2,2,2,4,4,3,4,4,4,4,1,3,1,3,4,4,4,24,2,,2,1,100,2,2,2,2
449,5,6,7,6,6,5,5,6,6,7,6,6,6,6,5,5,6,6,5,6,6,5,5,5,3,4,4,2,2,1,2,2,2,2,2,3,4,3,2,2,3,5,3,4,3,3,4,2,2,3,2,3,2,2,3,2,3,4,4,4,1,1,2,1,2,3,2,2,3,2,2,4,4,1,2,3,2,2,2,1,3,3,3,2,3,2,2,1,2,1,1,4,4,4,21,2,5,2,0,10,3,2,2,4
451,7,7,5,7,6,7,6,6,6,6,6,6,6,6,6,7,7,6,6,6,6,6,7,6,4,4,5,4,3,3,1,6,2,2,1,1,1,1,2,2,1,1,4,4,4,2,3,3,2,1,1,2,2,1,1,1,3,3,2,3,2,1,1,1,1,3,1,2,2,1,2,1,1,1,1,1,1,1,1,1,3,4,4,5,5,5,5,3,3,4,4,5,5,5,29,2,4,3,0,50,3,1,3,2
454,5,5,4,3,5,3,4,4,3,6,6,1,2,5,4,4,4,1,6,6,6,6,5,5,5,3,4,4,2,1,3,3,5,4,4,4,6,5,4,4,5,6,3,4,3,4,3,3,3,3,4,5,5,5,3,3,4,4,4,3,1,3,1,2,1,5,5,5,4,4,4,3,3,2,2,2,1,2,1,1,4,4,4,4,4,4,4,1,2,1,2,4,3,3,26,2,1,2,0,,3,3,2,4
455,6,6,6,6,6,6,6,6,6,4,4,6,6,5,5,5,6,7,7,7,7,6,4,4,2,4,5,4,3,4,1,2,1,2,4,3,2,4,2,2,2,5,3,4,5,3,4,3,3,2,2,3,4,3,2,2,3,4,3,3,3,3,3,3,3,2,2,2,2,3,2,3,2,2,1,4,2,1,2,1,4,4,3,4,4,5,5,1,4,1,2,5,5,4,20,2,4,10,1,60,2,1,1,5
456,5,5,3,6,6,6,4,5,6,5,5,5,6,4,6,6,4,6,7,7,7,7,6,7,3,4,4,3,3,2,2,1,2,2,2,2,2,2,2,2,2,2,4,4,4,1,2,3,2,1,3,4,3,2,1,1,3,3,2,1,2,1,1,1,1,1,1,2,1,1,1,1,3,3,4,2,2,3,1,3,2,2,3,3,4,4,4,1,4,2,3,2,4,3,24,1,4,2,1,20,3,2,2,2
458,7,7,7,6,7,6,7,7,7,7,7,7,7,6,7,7,7,5,5,5,7,7,7,7,4,5,5,5,5,5,1,1,1,1,1,1,1,1,2,2,1,1,4,4,5,2,1,3,1,1,1,2,1,1,3,3,3,3,3,1,1,2,1,1,1,2,2,3,2,2,2,1,1,1,1,3,1,1,1,1,3,3,2,4,4,5,5,1,1,1,1,5,4,4,40,2,1,4,1,250,1,1,2,5
461,5,5,6,6,5,5,5,5,5,3,6,4,5,4,4,4,4,5,5,5,6,4,5,5,2,4,3,2,2,2,2,4,2,2,4,4,4,4,3,3,4,4,4,3,3,2,2,2,3,4,3,3,3,2,4,4,4,4,4,3,2,2,2,2,2,3,4,3,4,3,3,4,4,3,3,3,5,5,5,5,4,4,3,2,2,4,3,1,1,2,4,3,3,2,25,2,5,2,1,200,2,1,2,3
470,6,5,3,6,5,5,5,6,5,5,5,5,5,5,4,5,5,4,5,4,5,4,5,4,3,3,3,5,3,5,2,3,2,2,2,4,4,4,2,2,5,5,2,2,3,3,4,3,4,2,2,4,2,4,5,4,5,5,3,3,2,2,2,3,2,3,3,4,3,2,3,5,5,3,2,3,3,4,3,3,4,4,4,4,4,4,4,1,3,1,3,1,1,1,24,1,1,3,1,250,1,2,2,1
474,6,6,6,6,7,7,7,7,6,6,6,6,6,7,7,7,7,6,6,6,6,6,5,5,4,4,4,5,5,5,1,1,1,1,1,1,3,2,2,2,2,3,4,4,4,3,2,2,2,2,3,3,3,2,3,2,2,3,3,2,2,2,2,2,2,2,3,2,2,3,2,2,2,2,2,2,3,3,2,2,4,4,2,2,2,4,4,2,2,4,2,2,2,2,32,2,3,2,0,65,1,1,2,2
475,6,6,6,7,6,7,7,7,7,7,7,7,7,7,7,7,7,3,2,4,2,6,2,2,1,3,2,1,1,1,4,3,1,1,2,3,1,6,3,3,2,2,5,5,5,3,3,2,3,1,1,4,4,4,5,5,5,5,5,5,1,5,4,4,1,3,1,4,2,3,3,4,4,1,1,5,2,2,5,5,5,5,5,3,3,4,4,1,4,1,4,2,3,2,22,2,1,3,1,250,1,2,2,2
476,4,3,3,3,3,3,3,3,3,4,3,3,3,3,3,3,3,4,3,5,5,7,7,7,4,4,4,2,3,2,2,2,2,2,2,4,4,4,1,1,3,3,5,5,5,3,3,4,4,4,4,3,2,4,5,5,3,3,4,4,3,1,4,3,3,3,3,2,2,3,2,3,3,2,2,3,2,4,3,1,4,4,4,3,3,4,4,2,4,1,4,4,4,4,20,2,4,6,1,200,2,1,2,4
478,7,7,3,3,7,7,7,7,6,6,6,6,7,7,7,7,7,6,4,5,6,6,4,4,1,2,2,2,1,1,5,5,1,1,1,2,4,5,2,2,5,5,4,4,4,3,5,3,3,3,4,3,2,4,5,5,4,3,3,4,2,3,2,3,2,3,3,5,4,4,3,5,5,2,3,5,2,3,2,2,4,4,4,4,4,4,4,1,1,1,2,3,3,3,40,2,2,1,0,10,1,1,2,3
482,7,6,6,6,6,5,5,5,6,6,7,7,6,6,6,5,6,7,6,6,7,7,5,5,5,4,4,4,4,4,2,1,5,4,1,1,2,2,4,5,1,1,5,4,5,4,3,2,2,3,1,1,2,2,2,2,4,4,3,3,2,1,1,1,2,2,2,2,1,2,3,3,3,3,1,2,2,2,1,1,3,4,2,3,3,3,3,1,1,1,2,3,3,3,33,2,1,2,0,22,2,3,2,3
483,6,6,6,5,6,7,6,4,5,5,5,4,5,6,5,5,5,7,6,6,6,6,7,7,2,3,4,3,3,4,2,3,1,1,4,5,2,2,2,2,1,3,4,4,4,4,3,3,1,4,4,4,5,4,3,2,5,4,4,4,5,5,5,4,5,4,3,4,4,5,3,4,4,2,2,4,4,5,2,3,1,2,1,3,3,4,4,1,1,1,2,2,2,2,23,2,1,2,1,200,2,3,2,2
484,6,6,6,6,6,6,6,6,5,5,6,6,6,6,6,6,6,4,5,6,5,6,6,6,3,3,4,4,3,4,1,1,3,2,3,3,2,2,2,2,2,2,4,4,4,2,3,2,4,2,2,5,4,3,4,4,4,4,4,3,3,1,3,2,1,2,3,2,2,2,2,1,1,3,2,2,3,2,2,3,5,4,4,4,4,4,4,3,3,3,4,4,4,4,28,2,1,4,3,50,3,1,3,4
485,5,7,7,7,6,6,6,6,6,6,6,6,6,6,6,6,6,4,5,5,3,5,3,5,4,4,4,4,4,4,4,2,1,1,1,1,1,5,2,2,1,1,4,4,4,2,4,3,5,2,5,4,3,5,5,4,5,5,5,5,2,1,1,1,1,3,3,5,4,5,2,4,5,5,1,5,1,1,1,1,5,4,4,5,5,5,5,1,3,1,3,4,4,4,49,2,2,1,2,50,3,2,2,4
487,6,6,7,5,6,5,6,6,6,6,7,7,7,6,6,6,6,6,7,7,7,7,7,7,2,2,2,4,2,3,3,4,2,2,5,5,4,2,2,2,2,5,3,3,3,3,3,3,3,2,3,2,3,4,5,5,4,4,4,2,5,3,5,5,5,5,5,4,3,3,3,3,3,3,2,3,3,3,3,1,4,3,4,4,3,4,4,2,2,2,2,2,3,2,28,1,1,3,0,250,1,2,2,2
490,6,6,4,6,6,4,4,4,4,6,6,6,5,5,6,5,5,5,6,6,5,4,6,5,3,2,3,3,3,3,3,4,2,2,4,4,5,5,3,3,5,5,4,4,4,3,5,3,3,3,3,5,4,4,2,2,5,5,4,4,3,2,3,3,3,3,4,4,4,4,4,3,3,4,3,3,4,3,4,4,4,4,4,4,4,4,4,2,2,2,2,2,2,2,24,1,4,1,1,100,3,2,2,2
491,6,7,5,7,7,6,6,6,5,7,7,7,6,5,6,6,6,5,7,7,5,6,6,5,4,3,4,3,3,2,4,3,2,2,4,4,3,2,1,1,4,3,4,4,4,1,2,1,2,2,3,3,2,2,3,3,3,4,3,3,2,3,2,2,2,2,2,2,1,1,2,3,4,2,2,3,1,1,1,2,1,2,2,4,4,4,4,3,4,3,4,4,4,4,25,2,1,3,3,40,3,2,2,4
492,6,6,4,6,7,6,6,6,6,5,6,6,6,6,6,6,6,6,6,6,6,6,6,6,4,3,3,3,3,3,1,1,2,2,1,1,1,1,2,2,1,1,4,4,4,2,2,2,3,2,2,1,2,2,2,2,2,3,2,3,2,2,2,2,2,2,2,3,3,3,3,2,2,2,2,3,2,2,2,2,3,3,3,4,4,4,4,1,1,1,2,4,4,4,30,1,1,4,0,100,2,3,2,4
493,5,6,5,5,3,3,4,3,4,3,3,4,4,3,4,4,4,2,2,3,3,4,5,4,4,2,3,2,3,1,3,3,4,4,4,3,4,5,5,5,5,4,2,2,2,3,4,2,3,2,4,5,5,5,4,4,5,4,4,4,5,4,5,4,4,4,5,5,4,4,3,3,4,2,2,4,3,3,3,3,2,2,2,2,2,3,3,1,2,1,2,1,2,1,26,2,1,4,0,100,1,2,2,1
494,7,7,5,5,7,5,5,5,7,6,7,7,6,5,5,5,5,6,7,6,6,6,6,4,2,3,1,1,1,1,3,4,3,5,6,6,6,5,2,2,6,6,1,2,2,4,5,4,4,3,3,4,2,3,2,2,5,5,5,5,5,3,5,4,5,5,4,3,4,3,4,5,5,2,2,2,1,3,2,1,2,2,2,4,4,5,5,4,2,2,2,1,1,2,24,1,1,2,2,50,3,2,2,1
499,6,7,7,6,6,6,6,6,7,7,7,5,6,6,6,6,6,5,6,6,7,7,7,7,2,2,1,1,1,1,2,4,1,1,3,3,4,5,1,1,5,6,4,4,4,3,2,2,2,3,3,5,4,3,4,4,4,4,2,4,4,2,3,3,3,3,3,4,3,3,4,4,4,4,3,2,4,5,4,5,3,4,4,2,2,2,2,1,3,1,3,2,2,3,25,1,2,1,2,100,3,2,2,2
2,6,5,5,7,5,6,5,6,4,4,5,6,4,7,6,7,7,4,4,4,4,3,6,6,4,4,4,4,4,3,2,4,2,1,4,4,6,6,1,2,2,2,5,4,4,2,3,3,4,2,2,3,2,3,2,1,2,3,3,3,2,3,2,3,2,4,4,4,2,2,2,4,3,1,2,5,3,2,3,1,4,4,4,5,4,4,4,1,1,2,2,4,5,5,33,1,1,5,2,110,2,2,2,4
3,6,4,5,5,4,7,7,6,4,4,4,1,5,3,4,3,4,3,4,4,6,6,4,2,2,1,1,3,1,2,2,2,3,2,5,6,6,6,2,6,6,6,3,2,1,3,5,3,5,3,3,5,5,5,5,5,5,5,5,3,5,5,5,5,5,5,5,5,5,5,3,5,5,5,5,5,5,5,5,5,5,5,5,1,1,2,1,4,3,1,3,1,1,1,29,2,1,4,3,100,3,1,2,1
4,6,6,7,7,7,7,7,7,7,6,6,6,6,6,6,6,6,7,7,7,7,7,7,7,5,5,5,4,4,4,1,4,1,1,5,5,3,1,1,1,1,1,4,4,4,3,4,2,2,2,2,3,3,2,1,1,4,2,3,2,1,1,2,2,1,1,1,2,1,1,1,1,1,2,2,1,2,2,2,2,4,4,4,4,4,5,5,1,1,1,1,4,4,4,30,2,1,4,2,23,3,3,3,2
8,6,6,6,6,6,6,6,6,6,5,6,6,6,6,6,6,6,6,6,6,6,6,6,5,2,2,2,3,3,3,1,1,2,2,5,5,5,2,3,3,6,6,3,2,3,3,1,2,1,2,1,4,3,1,5,5,2,2,2,1,1,3,1,2,1,3,2,2,2,2,1,5,5,1,1,3,3,2,2,2,4,4,4,4,4,4,5,1,1,1,1,2,3,1,32,1,1,3,3,100,3,2,2,2
10,7,7,7,7,7,7,7,7,7,7,7,7,7,7,7,7,7,7,7,7,7,7,7,7,4,3,4,4,4,4,2,2,3,3,2,2,4,4,3,3,2,2,3,3,3,3,3,3,3,2,3,3,3,3,3,3,3,3,3,3,3,3,3,3,3,3,3,3,3,3,3,3,3,2,2,2,2,2,1,1,3,3,2,4,4,4,4,2,4,2,2,4,4,3,28,2,1,6,2,60,2,2,2,4
18,6,6,6,6,7,6,6,6,6,6,6,6,6,6,7,7,7,7,7,7,7,7,6,6,5,4,5,5,4,5,1,1,1,1,1,1,1,1,1,1,1,1,4,4,4,1,2,2,2,2,1,1,1,2,2,2,3,3,2,3,1,1,1,1,1,3,3,2,2,1,1,3,3,2,2,2,1,1,1,1,4,4,4,4,4,4,4,1,3,1,4,2,3,4,50,2,1,2,2,125,2,2,2,2
20,7,7,6,5,6,6,7,6,7,7,7,7,7,7,7,6,6,7,7,7,7,7,6,6,4,4,1,4,3,4,5,6,2,1,2,3,6,6,2,2,6,6,4,3,4,3,5,3,3,3,5,5,5,5,5,5,3,3,3,3,3,3,3,3,3,4,4,5,5,5,5,5,5,1,2,2,3,4,5,5,3,3,3,1,1,1,1,1,3,1,3,1,4,1,21,2,1,2,2,200,3,1,2,1
21,6,7,3,7,6,5,3,3,6,5,6,6,6,3,6,4,3,5,4,4,3,7,7,6,4,2,1,2,1,3,5,4,3,2,5,5,5,5,2,3,5,5,2,3,3,4,5,3,4,3,4,3,4,4,5,5,5,5,4,4,2,2,1,4,1,4,4,4,4,3,2,5,5,1,2,2,2,2,2,3,3,3,4,4,4,4,4,1,1,1,1,2,2,2,29,1,1,3,3,100,3,3,2,2
24,6,7,6,6,7,5,6,6,7,7,7,7,7,6,5,6,6,7,6,7,7,7,7,7,2,3,2,3,2,1,1,5,2,2,5,4,2,5,5,5,2,5,4,3,4,3,5,3,1,1,2,5,5,4,2,2,4,4,3,2,4,5,4,5,4,4,3,3,3,3,4,5,5,2,2,3,3,4,3,1,4,4,4,5,5,5,4,1,1,1,1,4,3,4,22,2,4,6,3,120,3,2,2,4
32,6,6,3,6,6,6,6,6,3,3,4,4,4,6,6,6,6,1,1,1,1,2,5,4,4,3,2,3,2,3,4,3,3,3,5,5,4,2,4,3,2,2,3,3,3,3,5,5,5,2,3,3,3,3,1,1,3,3,2,2,1,2,1,2,1,2,2,3,3,3,2,3,4,3,2,2,2,1,1,1,2,2,4,2,2,2,2,1,1,1,1,4,4,4,49,2,2,1,1,8,1,1,3,4
35,7,6,1,4,6,4,5,6,4,4,6,6,6,6,6,6,6,5,4,4,4,6,6,6,4,2,4,4,4,4,2,2,2,2,2,3,5,5,3,3,4,5,2,4,3,2,5,3,4,3,3,4,4,3,5,5,3,3,3,3,2,2,3,2,3,4,3,2,4,4,3,4,4,2,2,2,2,4,3,3,3,4,4,3,4,3,4,1,1,1,1,2,2,2,27,2,1,5,2,80,2,1,1,2
44,7,6,3,5,6,6,7,6,5,5,6,6,5,6,6,5,5,7,6,6,7,6,6,5,4,2,3,4,4,4,3,3,2,2,4,4,5,6,2,3,5,5,2,3,2,2,4,2,4,3,3,3,2,3,4,3,4,3,2,2,3,2,3,4,3,4,3,2,3,3,2,4,4,3,2,2,2,3,1,1,4,4,3,3,2,2,3,1,1,1,1,3,3,3,24,2,1,4,2,100,2,2,2,3
45,6,6,6,7,6,6,6,7,7,6,6,6,6,6,7,7,7,5,7,6,7,7,6,7,5,5,5,4,4,4,1,1,1,1,1,1,1,1,1,1,1,1,5,5,5,2,3,1,3,2,1,4,1,2,1,1,4,4,3,4,1,1,3,2,1,1,1,1,1,1,1,1,1,1,3,5,1,1,1,1,4,3,4,5,5,5,4,1,3,1,3,3,4,3,23,2,1,3,0,100,3,1,2,3
46,4,5,3,6,5,5,3,4,5,5,4,7,6,4,4,5,5,7,7,6,7,6,7,6,3,4,2,2,3,2,3,3,2,2,2,3,2,4,3,3,5,5,5,3,3,3,5,3,3,2,2,4,2,3,2,2,4,3,3,4,2,3,2,3,1,2,2,3,4,2,2,1,5,2,1,1,4,5,2,1,2,3,4,5,5,3,5,1,3,1,1,2,3,3,25,2,3,2,3,170,3,3,2,2
47,6,5,3,6,6,5,5,6,6,5,6,5,6,6,6,6,6,7,7,7,7,7,6,6,3,3,3,3,3,3,2,4,2,3,3,3,5,5,3,3,4,4,3,3,3,2,2,2,2,1,3,4,3,4,4,4,3,3,3,3,3,3,3,3,3,3,3,2,3,3,2,2,2,2,2,2,1,1,1,1,4,4,4,4,5,5,5,1,1,1,1,4,4,3,33,2,1,6,1,125,2,3,2,4
51,7,7,4,7,7,7,7,7,7,7,7,7,7,4,7,7,7,6,4,4,2,7,7,4,2,1,1,2,1,1,6,6,1,1,6,6,6,6,6,6,6,6,1,1,1,4,5,5,5,4,4,5,5,5,1,1,5,5,3,4,1,3,4,4,4,5,5,5,5,5,5,5,5,4,3,3,5,5,5,5,1,1,1,3,2,2,4,1,1,1,1,1,1,1,26,2,3,3,3,110,3,2,2,1
52,6,7,4,5,6,7,7,7,5,6,6,6,6,5,5,6,6,6,7,7,7,7,7,7,4,2,4,4,4,4,3,2,2,2,3,4,3,4,2,2,5,3,2,2,4,4,4,4,5,3,4,4,5,5,1,1,5,5,5,4,5,2,5,5,5,2,4,5,5,5,2,3,3,2,2,2,5,5,5,5,2,2,2,1,2,2,4,1,1,1,1,1,3,2,31,2,4,2,2,250,2,3,2,1
57,7,6,7,7,7,4,4,4,7,1,4,7,7,7,7,7,7,7,7,4,7,7,7,7,3,4,2,4,2,2,6,2,3,3,5,5,6,6,2,2,6,6,5,1,3,4,5,5,5,3,5,5,5,4,3,1,5,1,5,3,5,3,5,5,5,5,1,1,5,1,1,5,5,1,4,3,5,5,5,3,5,5,5,2,3,3,3,1,1,1,1,1,2,2,47,2,2,2,2,150,2,2,2,1
59,7,6,5,6,6,6,6,6,7,7,7,7,7,6,6,7,6,5,5,6,6,7,7,6,3,3,2,2,2,1,3,2,2,2,3,3,4,4,4,4,4,4,3,4,3,3,2,2,4,2,3,5,4,2,2,3,4,4,3,3,4,2,3,3,3,3,3,2,3,3,2,3,4,4,3,2,2,3,2,2,4,4,4,4,4,2,4,1,4,2,4,3,4,2,22,2,5,3,2,200,2,1,2,3
60,5,7,3,5,6,5,5,6,5,4,7,6,7,6,7,6,7,7,7,7,7,7,7,7,4,2,4,4,4,4,2,2,2,2,3,3,2,3,2,2,3,2,4,3,3,3,4,3,4,2,3,4,2,2,4,4,4,3,3,3,2,2,3,2,2,2,2,3,3,3,2,5,5,4,3,2,2,2,2,2,3,3,4,4,4,4,4,2,2,2,2,2,3,2,30,2,1,4,3,140,3,1,2,2
61,6,6,3,6,4,6,6,5,5,4,4,3,4,5,4,5,4,5,4,4,4,6,6,5,3,2,3,3,2,3,4,2,2,3,3,2,3,5,5,4,5,5,4,4,4,5,5,5,5,4,3,3,4,5,2,2,4,3,2,2,2,2,2,2,2,3,2,2,4,3,2,5,5,2,2,3,2,3,2,2,4,4,4,4,3,3,3,1,1,1,1,3,4,3,47,2,1,3,3,140,3,1,2,3
66,6,7,6,7,7,7,7,6,7,7,7,7,7,6,7,7,7,7,7,7,7,7,7,7,2,3,1,1,1,2,3,2,2,2,5,5,6,6,2,2,5,6,2,2,4,4,5,4,5,4,4,5,5,5,4,4,5,5,5,5,5,5,5,4,5,5,5,4,5,5,2,5,5,1,1,1,1,1,1,1,4,4,4,4,4,4,4,1,1,1,1,2,2,1,37,2,1,4,3,200,3,2,2,2
68,6,6,6,6,6,7,6,7,5,5,6,6,6,7,7,6,7,4,5,4,6,5,5,5,3,4,4,4,4,4,2,2,2,3,2,2,2,3,5,5,4,5,3,4,3,2,4,3,3,2,3,4,3,3,4,4,3,3,3,3,3,4,2,2,1,3,2,2,2,2,2,4,4,4,4,4,3,5,3,2,3,3,3,4,4,4,2,1,3,1,3,1,2,2,27,2,1,4,2,90,2,2,2,1
72,6,6,5,6,6,5,6,6,6,6,6,6,6,5,6,6,6,5,5,6,7,5,6,6,4,3,4,4,4,4,1,2,2,2,2,2,2,2,2,2,1,2,4,4,4,3,3,2,3,2,1,2,3,3,1,1,3,3,2,3,2,2,1,1,1,2,2,2,3,2,2,3,3,1,2,2,1,3,2,1,4,4,3,4,4,4,4,4,3,1,2,4,4,4,26,1,1,1,0,40,3,2,2,4
79,7,7,6,7,6,6,5,6,6,7,6,7,6,6,6,6,6,5,6,6,6,7,6,6,4,4,4,4,4,4,2,2,1,1,3,3,2,2,3,2,2,2,3,3,3,3,2,2,2,1,2,3,3,2,2,2,3,2,3,3,3,3,1,2,1,2,2,2,2,2,2,2,2,2,2,3,3,3,3,3,3,3,3,4,4,4,4,1,3,2,3,4,4,4,23,2,1,3,0,120,2,2,2,4
80,6,7,7,7,7,5,7,7,7,6,7,7,7,7,7,7,7,7,7,7,7,7,7,7,4,4,4,3,4,3,2,2,2,2,4,3,4,3,2,2,3,4,4,4,4,3,2,2,2,2,2,4,2,3,3,3,4,4,3,4,2,3,1,2,2,3,3,3,3,2,2,3,3,2,3,3,2,2,2,2,3,3,3,4,4,4,4,1,4,1,3,3,4,4,25,1,1,3,0,100,3,2,2,3
82,5,6,4,4,5,5,5,5,5,3,4,4,4,5,5,4,5,5,7,6,6,6,6,5,4,4,4,2,3,4,4,3,3,3,4,5,2,2,3,3,2,2,2,3,3,3,2,2,3,3,3,4,3,2,2,1,3,2,2,2,1,4,3,2,2,3,2,1,1,1,2,3,4,2,1,2,3,4,4,3,4,2,2,4,4,4,4,1,1,1,1,4,4,3,20,2,4,5,2,107,2,1,2,4
83,7,6,3,7,6,6,6,6,7,6,7,7,7,6,6,6,6,6,7,7,7,7,7,7,1,4,2,2,2,1,4,5,1,1,3,3,3,5,5,5,3,5,4,5,5,2,1,3,4,3,3,4,5,3,4,4,4,5,4,4,5,4,4,3,3,2,4,3,2,3,2,5,5,4,3,2,3,2,2,2,1,1,2,3,3,4,4,1,1,1,1,2,2,1,24,2,1,2,2,80,2,3,2,2
85,6,5,5,3,6,5,6,6,6,6,6,6,6,6,4,6,6,5,5,5,5,6,6,6,5,2,2,3,2,2,3,2,2,2,2,3,3,2,2,3,2,2,4,3,3,3,5,4,5,4,4,5,4,5,5,5,4,4,4,4,4,4,4,4,4,3,3,3,4,4,4,5,5,3,3,3,4,4,3,2,3,4,4,3,3,3,3,1,1,1,1,4,2,2,23,2,1,3,3,100,3,2,1,4
87,5,5,5,5,6,4,3,4,4,5,5,6,5,5,4,5,4,6,6,6,6,6,6,6,4,4,4,3,3,3,4,3,2,2,2,3,3,3,2,5,3,5,3,3,3,2,1,2,2,1,2,3,3,3,4,4,3,3,3,2,1,2,1,2,1,3,3,3,2,3,2,3,3,2,2,3,1,2,1,2,4,4,3,4,4,4,4,1,2,1,2,4,4,4,30,1,1,3,2,35,2,3,2,4
100,4,4,1,6,7,6,4,6,5,5,5,5,5,7,7,7,7,4,4,4,6,4,4,4,1,1,3,4,4,3,4,1,3,3,1,1,5,5,3,6,6,6,3,3,1,3,3,3,4,2,4,3,3,2,1,1,5,3,4,3,3,3,2,3,3,4,3,4,3,3,2,5,3,1,1,1,3,5,3,1,2,2,2,4,4,4,4,1,1,1,1,5,5,5,59,2,2,1,2,100,2,2,2,5
103,6,7,5,5,6,6,5,6,7,7,6,7,7,7,6,7,7,5,6,6,7,7,7,7,3,4,5,4,4,4,1,2,1,1,3,3,2,2,2,2,3,3,3,4,4,3,3,2,2,1,2,4,3,1,2,2,3,3,3,2,2,2,2,2,1,2,2,2,2,1,2,1,1,2,2,1,2,2,2,1,3,3,3,4,4,4,4,2,4,2,2,3,4,3,25,2,1,5,2,80,3,1,2,3
105,7,7,6,6,7,6,6,7,7,7,7,6,7,6,6,6,6,7,7,7,6,7,7,7,1,2,2,3,1,3,2,4,1,1,2,3,3,2,1,1,2,3,4,4,4,5,3,3,4,2,2,5,4,5,1,1,5,5,4,4,5,3,4,4,4,5,5,3,4,2,2,5,5,1,3,5,3,5,3,3,2,4,3,3,3,2,4,1,1,1,1,2,2,2,25,1,4,6,3,100,3,2,2,2
108,4,7,4,5,6,7,6,6,6,7,6,6,6,6,7,6,6,6,6,6,7,7,7,7,3,4,4,4,3,4,1,1,1,1,1,2,2,1,2,1,1,3,5,5,5,2,3,3,4,1,2,4,4,5,1,1,4,4,3,3,1,2,2,1,1,3,2,2,2,1,1,2,2,3,2,2,1,1,1,1,3,3,5,5,5,5,5,1,5,1,5,3,3,3,30,2,1,2,3,100,4,1,3,3
111,6,6,4,5,6,5,5,6,5,5,5,5,5,4,4,4,4,6,6,6,5,6,5,5,4,4,4,4,4,3,2,2,2,2,4,4,3,3,2,3,4,4,4,3,3,2,2,2,3,2,2,4,4,3,3,3,3,3,3,3,2,2,3,2,3,3,3,2,2,3,2,3,4,2,2,2,2,3,2,2,4,4,4,3,3,3,3,1,1,2,2,2,2,3,24,2,1,3,3,80,3,2,2,2
112,7,7,7,7,7,7,7,7,7,7,7,7,7,7,7,7,7,7,6,6,5,7,4,4,3,4,3,4,4,5,1,5,1,1,4,1,4,1,2,1,5,6,5,4,5,4,5,5,5,3,3,5,3,2,5,5,2,2,3,1,1,4,3,1,2,3,5,2,5,4,4,5,5,1,1,1,4,1,1,1,1,4,2,4,2,2,4,1,1,1,1,2,2,2,50,2,,4,1,90,1,1,2,2
115,7,3,2,7,7,7,7,7,7,6,7,3,6,6,6,6,6,7,6,6,7,6,3,3,4,3,4,4,4,4,1,1,3,1,4,1,1,4,3,3,1,5,5,5,5,5,5,3,4,1,1,5,5,5,1,1,3,2,4,4,3,4,4,3,3,4,5,2,2,3,1,2,2,3,2,4,3,4,3,4,5,5,1,1,1,1,4,1,1,1,1,4,1,4,27,2,2,1,2,150,2,2,2,4
117,5,6,3,5,4,5,6,5,4,5,5,6,5,6,6,6,6,6,5,5,5,6,6,6,2,3,4,2,2,3,1,2,2,2,2,3,4,3,2,2,2,4,3,3,3,2,3,2,4,2,2,3,5,4,5,5,4,4,4,4,3,2,3,3,3,4,3,2,4,4,3,4,5,3,2,4,2,2,2,1,3,4,4,4,4,4,5,1,2,1,1,4,4,4,21,2,1,2,1,80,2,1,2,2
118,4,4,3,5,6,6,6,6,6,5,5,5,6,6,6,6,7,5,4,5,4,4,5,5,4,4,4,4,4,4,2,2,2,2,2,2,2,2,2,2,2,2,3,3,3,4,5,3,3,3,3,2,2,3,2,2,3,3,3,2,1,3,2,2,2,3,4,4,4,4,3,5,5,2,2,3,3,4,2,2,4,4,3,2,2,2,2,1,1,1,1,2,2,2,61,2,2,1,2,100,2,3,2,2
120,6,6,3,3,5,5,4,5,5,5,4,5,5,5,5,5,5,5,4,5,5,5,5,5,4,4,4,4,4,4,2,2,2,2,2,3,2,2,3,3,2,2,4,3,4,2,3,3,2,1,2,3,3,3,3,3,4,4,4,3,2,2,3,2,2,2,1,1,1,1,1,1,1,1,1,2,1,1,1,1,4,4,3,4,4,4,4,2,3,2,2,4,4,3,43,2,1,5,1,42,1,1,2,4
125,6,6,5,6,6,7,6,6,7,7,7,6,7,6,6,6,6,6,7,7,7,6,7,5,4,3,3,3,3,3,1,6,1,2,1,1,2,2,2,2,1,2,5,4,4,2,3,2,3,2,2,3,1,3,2,3,3,3,2,2,1,1,1,1,1,3,3,2,3,1,1,4,4,1,1,1,1,3,1,1,5,5,2,3,4,2,3,1,1,1,1,4,4,3,40,2,1,8,2,98,2,1,2,4
129,6,6,5,5,6,6,4,5,6,5,5,6,6,5,5,4,4,6,6,6,5,5,5,5,4,3,4,4,4,4,2,2,2,2,3,4,4,3,2,2,5,4,4,3,4,3,4,2,3,2,3,5,4,4,5,5,2,2,3,3,4,3,2,2,1,3,3,2,4,4,2,5,5,2,1,4,3,5,3,2,4,4,4,2,1,4,3,1,1,1,1,4,5,5,41,2,1,5,2,23,3,3,2,4
132,6,7,5,6,7,7,6,6,7,7,7,7,7,6,6,6,6,7,7,7,7,7,7,7,4,4,3,3,3,3,4,4,2,2,4,4,4,3,2,2,3,4,4,3,4,3,2,2,3,3,4,4,3,4,3,3,4,4,2,2,3,3,2,2,1,3,2,2,3,3,2,4,5,4,2,3,1,2,2,2,2,3,4,2,4,2,2,1,2,1,2,2,2,1,24,1,1,2,0,60,3,2,2,2
134,7,6,5,6,6,6,6,6,6,6,6,6,6,7,6,6,6,7,6,6,7,6,6,6,3,3,4,4,4,4,2,2,1,1,2,2,4,2,2,2,4,3,3,3,3,3,3,2,3,3,2,2,2,2,2,2,2,2,2,2,2,2,2,1,1,2,2,3,3,2,1,4,4,2,2,2,2,2,4,2,4,4,3,3,3,3,3,1,1,1,1,3,3,3,39,1,1,7,1,70,1,3,2,3
136,7,6,6,7,6,7,7,7,7,7,7,6,7,7,6,7,7,5,5,5,6,6,6,5,4,4,4,4,4,4,1,3,1,1,1,1,1,2,2,2,1,1,5,4,4,2,2,1,2,1,1,2,2,2,3,3,3,3,2,2,1,2,1,1,1,1,1,2,2,2,2,3,3,1,2,2,1,2,2,1,3,4,2,5,5,5,5,1,3,3,3,4,4,4,37,2,1,2,1,100,2,2,2,4
142,6,6,6,7,5,6,6,6,6,6,6,5,6,6,6,6,6,6,7,7,5,7,6,6,4,4,2,4,4,4,2,2,3,2,2,3,3,2,2,2,4,5,3,3,3,4,4,3,3,2,2,3,1,1,4,3,3,2,2,2,1,2,1,1,1,3,4,4,4,4,3,4,4,3,1,2,2,2,3,2,3,3,3,3,2,2,3,1,1,1,1,2,2,2,24,2,3,4,3,80,3,2,2,2
144,5,7,7,7,7,3,3,4,5,5,6,7,5,4,4,4,4,7,7,7,6,7,7,6,2,1,2,4,2,3,4,4,2,2,6,6,6,5,1,1,5,6,3,2,3,2,2,2,5,3,3,5,5,5,2,2,5,5,5,3,2,2,1,3,1,4,4,3,5,5,2,5,5,2,2,3,3,4,4,3,3,2,2,2,2,3,3,1,1,1,1,4,4,4,25,2,1,3,3,100,3,2,2,4
146,7,7,6,6,7,5,3,7,5,4,7,7,7,5,5,5,7,5,5,5,7,7,7,7,3,2,2,3,2,2,2,6,1,1,3,3,5,5,2,2,5,5,4,3,5,3,2,2,2,2,4,2,3,3,3,3,3,3,3,3,3,3,3,3,2,3,3,3,3,2,3,4,4,1,1,1,1,1,1,1,3,3,3,4,4,4,4,1,2,1,2,4,4,4,37,2,5,3,2,140,2,2,2,4
149,4,4,3,4,5,4,4,4,4,4,4,4,4,4,4,4,4,5,5,5,6,6,6,6,5,5,4,3,4,4,2,2,2,2,3,3,2,2,4,4,4,4,3,3,3,3,3,4,5,2,2,3,2,2,3,3,3,2,2,2,1,3,1,1,1,2,1,2,1,1,1,1,1,1,1,1,1,1,1,1,2,2,2,3,3,3,3,2,2,2,2,3,4,4,50,1,1,6,3,97,3,1,1,3
150,6,6,6,6,6,6,6,6,6,6,6,6,6,6,6,6,6,7,6,6,7,7,7,7,3,3,3,4,4,4,1,1,2,2,1,3,3,2,3,3,1,2,4,4,4,4,3,4,5,3,4,5,5,4,5,5,4,4,5,4,4,3,4,4,4,4,4,4,3,4,3,4,4,3,1,2,3,3,3,2,3,3,3,2,2,2,2,1,1,3,1,3,3,3,31,2,1,3,2,80,2,2,2,3
152,7,7,3,7,7,7,7,7,5,6,6,7,7,7,7,7,7,2,2,5,7,6,6,6,4,2,4,3,3,3,5,4,1,1,3,3,4,6,2,2,4,4,5,5,5,4,5,3,5,3,1,3,5,5,2,1,5,5,5,4,2,3,4,3,2,4,5,4,4,4,4,3,3,1,1,3,3,3,3,3,4,4,5,3,3,3,3,1,4,1,4,2,3,2,30,2,3,3,2,110,2,2,1,2
159,6,6,6,6,7,6,6,6,7,7,7,7,7,6,7,6,6,5,6,6,6,7,7,7,2,2,2,3,3,3,1,2,1,2,1,2,5,4,1,1,5,5,4,4,4,3,4,3,3,4,4,4,4,4,3,3,4,3,3,3,2,2,2,3,2,3,4,4,4,4,3,5,5,3,2,2,2,3,2,2,4,4,4,3,4,3,3,1,1,1,1,2,2,1,33,1,4,1,2,45,2,2,2,2
160,6,7,6,4,6,5,5,5,6,4,6,6,7,4,5,6,6,6,5,6,7,7,6,6,3,3,3,4,2,3,2,3,2,2,2,4,5,2,3,4,4,5,3,3,3,3,2,2,2,1,3,4,2,2,5,5,4,4,2,1,3,3,3,3,1,2,3,2,3,3,1,3,4,4,2,2,4,5,3,4,3,4,4,2,2,3,2,1,2,1,1,2,4,2,23,2,1,4,2,200,2,1,2,2
164,6,6,5,6,7,7,7,6,7,6,7,7,7,7,7,7,7,7,7,7,7,7,7,7,4,3,4,3,3,4,2,2,2,2,2,3,3,3,2,2,3,5,3,4,4,3,2,2,2,1,2,3,2,1,2,2,4,4,3,3,2,3,3,3,3,2,3,2,2,2,2,3,3,2,3,2,3,3,2,2,4,4,4,4,2,3,4,1,1,1,1,3,2,2,22,2,3,3,1,95,2,1,2,3
168,6,6,6,7,7,6,6,6,6,6,6,7,6,6,7,6,6,7,7,6,7,7,7,6,4,4,4,5,4,4,1,5,1,1,1,2,6,1,1,1,6,6,3,3,4,2,3,2,2,1,3,3,2,2,3,3,2,2,2,1,1,1,3,1,2,4,4,4,4,3,4,3,3,4,1,4,1,2,1,1,5,5,5,4,4,5,5,1,3,1,3,2,2,2,41,2,1,6,2,100,2,2,1,2
171,4,4,2,2,4,2,3,3,4,5,6,6,5,5,6,5,5,5,5,5,5,5,5,5,4,2,3,3,2,3,2,4,2,2,4,3,3,5,3,4,4,4,3,3,3,3,4,4,4,4,4,5,3,5,5,5,5,5,5,4,5,5,3,4,4,4,4,3,4,3,4,5,5,2,2,3,4,5,4,4,3,3,2,2,2,2,2,1,1,1,1,3,2,2,25,2,1,5,3,150,3,1,2,3
174,6,6,3,5,7,6,6,7,6,5,5,6,7,6,6,7,7,6,3,6,7,3,2,2,4,4,5,5,3,5,1,1,6,6,1,1,3,1,1,1,3,5,4,3,3,4,3,2,4,2,2,5,2,3,3,1,3,2,3,1,1,1,2,1,1,3,3,3,3,3,1,4,4,1,1,1,1,1,1,1,3,1,4,4,2,2,2,1,1,1,1,2,3,2,48,2,2,1,0,60,0,2,2,2
175,6,5,6,6,7,6,6,7,7,7,7,7,7,7,7,7,7,6,7,7,7,7,6,6,4,4,4,4,4,4,1,1,1,1,1,2,2,2,2,2,2,5,5,4,5,2,3,2,3,3,3,4,3,3,4,4,3,3,2,2,2,2,2,2,1,2,2,2,2,3,2,3,3,3,3,3,4,4,3,3,4,4,3,2,2,2,3,1,1,1,1,2,2,2,25,2,4,6,3,35,3,2,,2
181,7,7,5,5,6,6,6,6,6,6,6,6,6,6,6,6,6,1,6,6,7,6,6,6,4,4,4,3,2,3,5,2,2,2,1,3,3,2,2,2,2,2,3,2,3,2,2,2,2,3,3,4,2,3,4,3,4,4,3,4,3,2,2,2,2,3,3,2,2,1,2,2,4,3,2,2,2,2,2,2,2,3,2,2,2,2,2,1,1,1,1,2,4,4,29,2,1,3,1,4,3,1,2,2
183,7,7,7,7,7,7,7,7,7,7,7,7,7,7,7,7,7,3,2,3,7,7,7,5,4,4,4,4,4,4,2,2,1,2,2,2,2,4,1,2,2,2,4,3,3,3,3,3,3,2,2,3,2,2,5,3,3,2,2,2,1,3,2,2,2,3,1,2,2,2,2,2,4,2,2,2,2,3,2,2,4,4,4,4,4,4,4,1,2,2,1,4,3,3,24,2,1,4,3,50,3,1,2,4
186,6,5,1,5,5,6,5,5,5,5,5,5,6,5,5,5,5,7,7,7,5,5,5,5,3,2,2,2,2,2,4,2,2,2,4,4,4,4,2,2,5,6,3,3,3,3,3,2,4,2,3,3,3,3,2,2,5,3,3,3,1,2,1,1,1,3,3,4,4,4,3,5,5,2,2,2,3,3,4,2,4,4,4,3,3,3,3,1,1,1,1,1,4,4,63,1,1,2,2,175,2,2,2,1
192,6,7,4,6,5,4,4,5,4,5,6,6,6,5,4,5,4,7,7,7,6,6,7,6,4,3,4,2,3,2,3,4,3,2,3,4,2,4,1,2,3,3,2,2,2,2,3,3,4,4,4,5,5,4,2,2,3,3,3,2,5,2,4,4,4,4,3,1,2,2,2,1,4,3,2,2,1,1,1,1,5,5,5,4,4,4,4,1,1,3,1,5,5,5,22,2,4,2,4,110,4,2,2,5
193,6,6,6,5,6,5,6,6,6,6,6,6,6,6,6,6,6,7,7,7,6,7,7,6,3,2,3,3,3,3,3,2,2,2,3,3,3,3,2,2,3,4,3,4,3,4,3,3,4,3,2,3,3,3,3,3,4,4,4,3,4,3,3,3,3,3,4,2,3,3,2,3,3,2,2,2,4,3,3,3,3,4,3,3,4,4,4,2,2,2,3,3,3,3,23,1,1,2,0,90,2,2,2,3
194,5,5,5,7,5,7,7,7,4,5,4,5,5,7,7,7,7,3,3,3,6,4,4,4,4,3,3,4,3,4,2,3,2,2,1,3,6,6,3,3,6,6,3,3,3,5,5,5,5,2,5,3,4,5,4,4,4,4,4,4,3,3,3,3,3,3,4,4,4,3,2,3,3,3,3,3,3,3,3,3,3,3,3,4,2,4,3,1,1,1,1,4,3,2,36,1,4,1,1,50,1,2,2,4
203,6,7,7,5,7,7,7,6,7,7,7,7,7,6,6,5,6,7,7,7,7,7,6,6,4,4,4,4,3,3,1,1,1,2,2,2,3,4,2,2,3,4,5,5,5,3,4,3,3,3,3,4,4,4,3,3,4,3,3,3,2,3,2,3,3,4,3,2,3,2,2,3,4,2,2,2,2,2,1,1,4,4,4,3,3,3,3,2,1,1,1,3,3,2,23,2,2,1,0,150,3,2,2,3
205,6,6,5,5,6,6,5,5,6,6,6,6,6,5,6,6,6,4,5,5,6,6,6,6,4,4,4,4,4,4,4,2,2,2,2,2,2,2,2,2,2,2,3,2,4,4,2,2,3,2,2,2,3,3,4,4,3,3,3,2,2,1,1,2,2,2,2,2,3,3,3,2,2,2,3,3,3,2,2,2,4,3,3,2,2,2,3,4,4,3,2,4,3,4,41,2,1,5,3,100,3,1,2,4
206,6,6,6,3,6,4,4,5,6,6,6,6,6,6,6,6,6,3,5,5,5,7,7,7,4,3,1,3,2,2,5,5,1,1,5,5,6,6,6,1,5,6,3,3,3,4,4,4,4,4,4,4,4,4,5,5,3,3,3,4,4,4,4,4,4,4,4,4,4,3,3,4,4,3,3,3,4,4,3,3,4,4,4,2,2,2,2,1,1,1,1,1,1,1,28,2,1,2,2,150,2,2,2,1
210,6,7,3,6,7,5,6,5,7,6,7,6,5,5,6,5,5,7,7,7,7,7,6,6,4,3,4,4,4,4,1,2,2,2,2,3,6,6,3,3,5,5,3,3,3,2,2,2,3,3,2,5,4,4,1,1,4,3,2,3,2,2,2,1,1,4,4,2,4,3,2,4,3,2,2,3,4,3,3,3,4,4,4,2,2,2,2,1,1,1,1,3,2,3,25,2,2,1,2,45,3,1,3,3
211,6,6,7,6,6,7,6,7,6,6,6,6,6,6,5,5,6,6,5,5,4,6,6,5,2,1,2,3,2,2,4,4,2,2,2,5,4,5,3,3,4,5,2,2,3,3,3,1,4,3,2,5,5,5,5,5,3,4,3,3,3,3,3,4,4,4,4,5,5,5,3,5,5,4,4,5,3,5,5,2,3,3,3,2,2,2,2,1,1,1,1,2,2,2,23,2,1,4,3,85,3,1,2,2
212,5,5,5,5,5,5,5,5,5,5,5,5,5,5,5,5,5,5,6,6,6,6,5,5,4,4,4,3,2,3,2,2,2,2,1,2,2,2,2,2,1,1,4,4,4,3,3,2,3,2,3,3,4,4,3,3,4,3,3,2,1,3,2,2,1,2,2,2,2,2,2,1,1,2,3,3,1,2,1,3,2,1,2,5,5,5,5,1,2,2,2,4,4,4,45,2,1,3,3,70,3,1,2,4
213,6,6,4,6,6,6,6,6,6,6,6,5,6,6,6,6,6,5,4,4,6,6,5,5,4,4,4,4,4,4,1,2,1,2,2,2,4,2,2,2,2,2,4,4,4,3,4,3,4,2,2,3,3,3,3,3,3,3,3,3,2,2,3,2,1,2,3,2,2,3,3,3,3,2,2,2,1,2,1,1,4,3,4,4,4,4,4,1,1,1,1,3,4,4,48,2,1,5,3,100,3,4,2,3
214,5,5,5,4,5,5,5,5,6,6,6,6,4,5,5,5,5,6,7,6,6,6,6,6,1,2,1,2,2,3,2,2,2,2,2,2,5,5,2,6,6,6,2,2,3,5,4,3,5,2,2,5,4,5,5,4,5,5,5,4,5,3,5,4,5,5,5,3,5,2,1,5,5,1,3,5,3,5,3,4,5,3,3,4,2,2,2,1,1,1,1,2,2,2,28,2,1,5,3,100,3,1,2,2
218,6,6,3,3,6,5,5,6,5,6,6,6,6,5,6,6,6,5,5,5,7,6,4,4,3,2,3,3,3,3,4,2,2,2,1,1,3,5,5,5,1,3,3,3,4,4,5,4,4,3,5,5,5,4,4,4,4,4,4,3,4,3,4,4,4,4,5,4,4,4,4,5,5,3,2,3,2,1,1,1,2,4,4,4,4,4,4,1,2,2,2,3,2,2,23,2,1,2,2,60,2,2,1,3
220,7,7,6,7,7,7,7,7,6,6,6,7,7,7,7,7,7,5,6,6,7,7,7,6,3,4,4,5,4,4,1,1,1,1,2,3,4,2,2,1,2,2,4,4,4,3,3,2,3,3,2,5,3,4,5,5,3,3,2,2,1,1,2,2,1,2,2,2,2,2,2,1,2,3,3,3,2,2,2,3,2,3,3,4,4,4,4,1,1,1,1,4,4,4,44,2,2,2,3,90,3,2,2,2
224,6,5,6,4,6,5,5,5,5,5,5,6,5,5,5,6,6,7,7,7,7,7,6,6,4,2,3,2,2,2,4,5,2,2,4,4,4,2,2,3,4,4,5,5,5,3,3,4,4,3,3,4,2,3,4,4,3,3,2,2,4,4,3,3,3,4,3,2,4,4,2,5,5,3,3,2,3,3,2,3,4,4,2,1,1,2,5,1,1,1,1,3,2,2,38,2,1,4,2,100,2,1,2,3
226,6,7,7,6,6,6,7,7,7,6,7,7,6,7,6,6,6,7,7,6,7,7,7,7,4,3,3,2,2,2,4,5,1,1,5,5,3,5,2,2,5,4,3,2,3,4,2,2,4,2,2,4,4,5,4,4,5,5,5,5,5,5,5,5,5,5,5,2,4,2,2,5,5,1,2,5,1,1,1,1,5,4,4,5,4,4,5,1,1,1,1,2,2,2,25,2,1,4,2,140,2,1,2,2
229,5,5,2,6,5,6,6,6,6,6,6,6,6,6,6,6,6,4,5,5,5,6,6,6,3,3,3,4,4,4,2,2,2,2,2,2,2,2,2,2,2,2,3,3,4,5,5,3,3,3,3,5,3,3,2,2,3,3,2,2,3,3,3,2,3,3,3,3,3,3,2,4,5,2,2,4,1,1,1,1,4,4,2,3,3,3,3,1,1,1,1,2,2,2,25,2,3,3,0,200,2,2,2,2
230,7,6,5,5,7,6,6,7,6,6,7,6,6,7,7,7,7,7,7,7,7,7,6,6,5,4,5,5,5,5,1,1,1,1,1,2,4,4,1,1,2,4,4,4,4,3,3,2,2,2,2,2,2,3,2,2,3,3,2,2,2,2,2,2,2,3,3,2,2,2,2,2,2,1,2,2,2,3,2,2,3,4,3,3,3,3,3,2,2,2,4,3,4,3,31,2,1,4,3,100,3,1,2,3
231,6,6,3,6,6,6,6,5,5,6,6,6,6,7,7,6,6,5,5,6,5,6,6,6,3,3,4,3,3,3,2,2,2,2,2,3,3,2,3,3,2,3,4,4,4,3,3,4,3,4,4,3,3,3,1,1,3,3,3,3,2,2,3,3,3,3,3,3,3,2,2,4,4,3,3,3,3,3,2,2,3,4,3,3,3,2,2,1,1,1,1,3,3,3,73,2,2,1,3,275,3,2,1,3
232,6,6,6,5,6,7,7,7,7,7,7,7,7,7,7,7,7,7,5,5,7,6,6,7,5,4,4,4,4,5,1,1,1,1,1,1,3,3,2,2,2,1,5,5,5,3,3,4,3,2,2,3,3,2,3,4,2,3,2,2,2,1,3,3,2,3,2,2,4,2,1,4,4,2,2,3,2,2,1,1,4,4,3,3,3,4,4,1,2,1,2,5,4,4,36,2,1,7,3,,3,2,2,5
235,7,6,5,7,7,7,7,6,6,6,6,7,6,7,7,7,7,3,3,3,3,4,4,4,4,4,3,4,4,4,2,2,1,1,1,2,4,5,4,3,3,5,3,3,3,3,2,3,3,2,3,3,3,3,4,4,3,3,3,3,2,2,3,2,2,4,3,3,4,3,2,5,5,3,2,2,3,2,4,3,2,2,1,4,4,4,4,1,1,2,1,3,4,2,31,2,1,4,2,70,2,3,1,3
236,6,6,5,6,6,5,4,6,6,6,6,6,6,6,5,6,6,7,7,7,7,6,5,5,4,4,4,3,3,2,4,4,1,1,2,3,5,5,2,2,6,6,3,4,4,2,4,2,2,2,2,4,4,4,4,4,4,4,4,4,2,2,2,2,2,5,5,2,4,4,2,5,5,2,2,1,2,5,2,4,4,4,4,4,4,4,4,1,1,1,1,4,3,3,29,2,2,1,3,120,3,3,2,4
237,5,6,7,5,6,7,6,7,6,6,6,6,6,6,5,6,6,6,6,6,6,6,5,6,2,4,4,4,4,4,1,1,1,1,3,4,2,4,2,2,2,3,4,4,4,3,4,3,5,2,3,4,3,2,3,3,3,3,3,3,2,2,3,3,2,3,2,3,4,4,3,4,4,2,2,3,3,3,3,2,4,4,3,4,4,4,4,1,2,2,2,3,3,3,46,2,1,6,3,100,3,1,2,3
244,6,6,4,4,7,4,6,6,6,6,7,7,7,6,6,6,6,6,7,6,6,7,6,6,4,3,4,4,4,4,2,2,2,2,2,4,4,3,2,2,4,5,3,3,3,3,2,2,2,2,2,3,4,3,2,2,4,4,3,3,3,2,2,2,2,3,3,3,3,3,2,3,4,1,2,2,2,2,1,1,2,2,3,4,4,4,4,1,1,1,1,3,3,3,24,2,3,1,2,25,2,3,2,3
245,6,6,7,3,6,6,6,6,6,7,7,6,6,5,5,6,6,6,7,6,7,6,5,6,4,4,4,4,4,4,2,1,2,2,3,4,5,3,2,2,5,5,4,3,4,2,5,2,4,2,2,5,2,2,4,4,2,2,2,2,4,2,4,4,2,2,4,2,2,1,2,5,5,1,1,2,2,1,1,2,5,4,5,2,2,2,2,1,2,1,2,4,2,4,25,1,1,2,0,100,1,2,2,4
246,5,5,5,3,5,4,4,4,4,5,5,5,5,5,5,5,5,7,6,6,5,5,6,6,4,2,2,4,4,4,4,4,2,2,4,4,6,5,2,2,6,6,4,4,3,2,2,1,2,4,3,3,2,2,1,1,3,2,3,3,2,1,2,2,2,3,3,2,2,1,2,4,4,2,3,2,4,5,4,2,4,3,3,4,4,4,5,1,1,1,1,3,3,3,25,1,1,3,2,130,3,1,2,3
248,7,7,6,7,6,7,6,7,7,6,7,7,7,7,6,6,6,6,7,6,7,7,7,7,4,3,2,4,3,4,1,2,1,1,1,3,4,6,3,1,4,5,3,3,3,3,4,3,5,3,3,3,3,3,2,2,3,3,3,2,2,3,2,3,1,3,3,4,4,4,2,5,5,4,2,2,4,5,4,3,4,4,4,2,2,3,4,1,2,1,1,1,1,1,24,2,1,2,3,100,3,2,2,1
256,6,7,3,6,4,1,4,4,6,7,7,6,6,4,5,5,4,7,7,7,7,7,7,7,4,4,2,2,2,1,3,2,2,2,3,4,4,4,2,2,4,5,2,2,2,3,4,3,4,4,2,5,4,4,5,5,3,3,4,4,4,4,3,3,1,3,3,2,3,2,2,3,4,3,3,4,3,2,1,2,3,4,4,2,2,4,2,1,1,1,1,4,2,4,19,2,5,4,3,80,3,1,2,4
257,4,7,7,6,7,3,3,3,3,7,7,7,7,3,6,6,6,3,3,3,4,7,7,7,1,1,1,1,1,1,6,5,3,2,4,4,6,6,6,6,6,6,3,4,4,5,5,5,5,5,5,5,5,5,5,5,5,5,5,4,5,5,5,5,5,5,5,5,5,5,5,5,5,2,2,4,2,4,2,2,3,5,5,4,4,4,4,1,1,1,1,5,5,1,21,2,1,2,2,100,2,2,2,5
258,7,6,4,6,5,6,6,6,6,6,6,6,6,6,6,6,6,6,7,7,6,6,6,6,1,2,2,4,3,2,4,4,2,2,3,3,4,4,2,2,4,4,4,4,4,2,4,2,3,3,3,4,3,3,4,4,3,3,3,2,3,2,2,3,3,4,4,2,3,4,3,4,4,2,2,3,3,3,2,1,3,3,3,2,2,2,4,2,4,2,4,3,2,2,40,2,1,2,3,120,3,1,2,3
266,7,7,7,7,6,6,7,5,6,6,6,6,6,6,7,6,6,7,6,6,7,7,6,6,4,4,4,3,5,2,1,1,1,1,2,2,3,3,3,3,2,4,4,4,4,4,3,3,4,2,2,3,2,2,4,4,3,2,2,2,1,1,1,3,1,3,3,3,3,3,4,4,4,3,2,4,3,3,3,3,1,4,5,1,1,1,1,1,2,1,2,2,3,3,51,2,1,2,2,,7,1,2,2
267,7,7,7,5,5,5,7,5,6,6,5,5,6,6,7,7,7,7,7,7,7,6,6,6,2,3,2,2,2,2,3,3,2,1,1,2,4,5,3,3,4,3,4,4,4,4,4,3,4,4,3,5,4,4,1,1,4,4,4,4,1,1,3,2,2,3,4,3,3,4,2,4,4,4,1,3,4,3,4,3,4,4,3,1,2,2,2,5,4,4,4,3,4,3,33,1,4,1,0,75,3,2,2,3
272,7,7,6,6,7,6,6,6,6,7,7,7,7,6,6,6,6,7,7,7,7,7,7,7,3,3,4,3,3,3,2,2,2,2,2,2,3,2,2,2,2,2,4,4,5,3,2,2,2,3,2,4,3,3,4,4,3,3,3,3,2,2,3,3,3,3,4,2,2,2,3,3,3,2,2,3,2,3,2,2,1,3,3,4,4,4,4,2,3,3,3,4,4,4,23,1,1,2,2,200,2,1,2,4
274,6,6,5,5,6,5,6,5,6,6,6,6,6,6,5,6,6,6,6,6,6,6,6,6,2,2,2,2,2,1,2,2,2,2,4,4,4,5,2,2,4,4,4,3,4,2,1,3,4,5,4,4,4,4,5,5,3,3,4,4,4,4,4,3,3,5,4,4,4,4,2,3,5,5,5,5,5,5,5,5,2,3,2,4,2,2,1,1,1,1,1,3,3,4,54,1,1,2,3,17,6,2,3,3
282,5,5,4,6,5,5,4,4,5,6,5,5,5,5,5,5,5,4,4,4,4,4,4,4,5,4,4,4,4,4,4,2,3,3,3,3,2,2,3,3,2,2,4,4,4,3,3,3,3,3,2,4,3,2,5,5,2,2,4,2,1,1,1,3,1,2,2,2,2,2,2,3,3,2,3,3,1,1,1,1,3,3,3,3,3,4,4,3,3,2,3,4,4,4,29,2,1,3,3,37,3,2,2,4
289,3,6,4,6,6,4,3,3,2,5,5,4,4,4,4,4,4,6,6,6,6,6,6,4,1,1,2,1,1,1,4,5,1,1,2,2,5,5,3,6,5,6,2,3,3,5,3,4,5,4,5,5,4,5,4,2,5,5,5,5,5,5,5,5,5,5,5,5,5,5,5,5,5,3,5,5,3,4,3,3,2,4,5,3,3,3,3,1,1,1,1,5,1,2,24,2,1,2,2,120,2,1,2,5
290,6,7,6,5,6,7,6,6,7,7,7,7,7,7,7,6,7,5,5,5,6,5,6,6,1,3,2,5,4,5,1,1,1,1,1,2,5,5,3,2,2,5,4,3,4,3,4,3,4,3,3,3,4,2,1,1,2,3,2,3,2,2,2,2,2,3,3,3,4,4,2,5,5,3,3,4,4,5,2,2,4,4,4,2,2,4,3,1,1,1,1,4,5,4,33,2,1,2,3,130,3,1,2,4
292,6,6,3,5,6,6,5,6,6,3,5,5,6,6,6,6,5,3,4,4,4,5,5,5,5,4,4,4,4,4,1,1,1,1,1,1,2,1,4,4,1,3,4,4,4,1,1,1,2,1,1,2,1,1,5,5,3,2,2,3,1,3,3,2,2,3,3,1,2,1,1,1,2,1,1,1,1,1,1,1,3,4,3,5,5,5,5,1,1,2,1,3,3,4,37,2,1,4,3,,3,1,2,3
299,7,7,6,7,7,6,6,7,7,7,7,6,7,7,7,7,7,7,6,7,7,6,7,7,4,3,4,4,4,4,2,3,2,2,2,2,3,2,2,3,2,4,4,4,4,2,4,3,3,2,2,2,2,2,3,2,3,3,2,3,2,1,1,2,1,2,3,3,3,2,3,3,5,2,2,2,2,1,2,3,3,3,2,4,3,3,3,1,1,2,1,3,3,3,32,1,1,2,1,55,2,5,2,3
300,7,7,7,7,7,7,7,7,7,7,7,7,7,7,7,7,7,4,6,5,6,7,7,7,4,4,4,4,4,4,2,2,1,1,1,1,3,5,2,1,3,4,5,5,5,3,2,3,2,2,2,4,3,3,4,4,2,1,1,1,1,2,1,1,2,2,3,1,3,3,1,4,4,2,1,2,1,1,1,1,4,4,2,5,5,5,5,1,3,1,3,4,4,3,23,1,1,4,2,110,2,2,2,4
303,7,7,6,6,7,7,7,7,7,6,7,7,7,6,7,7,7,7,7,6,7,6,7,7,2,2,3,4,3,3,2,2,2,2,3,3,4,4,2,2,5,5,5,5,4,,4,3,4,4,2,5,5,5,5,5,4,3,3,3,3,3,4,4,4,4,4,3,4,3,2,5,5,4,3,4,2,2,1,2,5,4,5,3,2,2,3,1,1,1,3,2,3,1,32,2,1,3,3,50,3,3,2,2
304,6,7,7,6,7,3,4,6,7,7,7,6,6,6,4,5,5,6,6,4,5,7,7,6,4,4,4,2,2,2,2,2,2,2,3,5,2,4,2,2,5,5,4,4,3,4,4,4,5,3,3,5,4,4,5,5,4,4,2,3,4,3,3,5,3,3,3,3,3,3,2,4,4,1,2,4,5,5,4,2,5,4,3,2,2,3,4,1,1,1,1,4,3,2,25,2,1,5,3,100,3,1,2,4
308,7,7,7,6,7,7,7,6,7,7,7,6,7,7,6,6,6,4,2,2,4,5,4,4,1,2,1,2,2,1,2,1,3,3,3,4,5,5,4,3,5,6,3,3,2,5,5,5,5,5,5,5,5,5,5,5,5,5,5,5,3,4,3,4,2,5,5,5,5,5,5,5,5,3,3,4,4,5,5,5,4,4,1,1,1,1,1,1,1,1,1,1,1,1,43,2,1,2,3,85,3,2,2,1
310,6,7,6,7,6,6,5,7,6,7,6,7,6,5,7,7,7,6,6,6,6,7,7,7,4,4,3,4,4,4,2,2,2,1,4,4,2,1,2,2,3,1,3,2,3,3,3,2,2,3,3,3,3,1,4,4,2,2,2,2,1,1,2,3,1,2,2,1,1,2,2,3,3,2,2,2,2,2,2,1,5,5,5,4,4,4,3,1,2,1,2,4,4,4,29,1,1,4,3,100,3,2,2,4
314,4,3,4,3,4,4,4,4,4,4,4,4,4,5,5,5,4,3,3,3,3,4,4,4,2,3,2,3,3,3,3,3,3,3,4,3,3,4,4,4,3,4,3,3,3,4,4,3,3,2,1,5,1,2,1,1,3,4,2,2,2,3,2,2,3,3,2,2,2,2,2,4,5,2,2,1,3,4,2,3,4,3,3,1,1,2,2,1,1,1,2,3,3,3,26,2,4,7,2,120,2,1,2,3
318,5,7,1,7,6,7,7,7,4,4,6,6,6,6,6,6,6,5,5,5,6,5,6,5,3,4,4,4,3,3,4,2,4,3,3,4,2,3,3,3,2,2,4,4,4,4,5,3,5,1,3,5,3,2,3,3,4,4,4,3,3,4,2,2,1,2,2,2,2,2,2,2,3,1,1,1,1,1,1,1,3,3,3,3,3,3,3,1,1,1,1,4,3,3,23,2,4,10,3,150,3,2,2,4
322,5,6,4,6,5,4,5,5,5,5,4,5,5,4,6,5,5,4,5,4,6,5,5,5,3,3,3,3,3,3,2,3,2,2,3,3,4,3,2,2,3,3,4,4,4,2,3,2,3,2,2,3,3,2,2,2,3,3,2,2,1,2,2,2,2,3,2,2,3,2,3,3,4,3,2,3,2,2,2,1,3,3,3,4,4,4,4,1,3,1,3,3,3,3,29,2,3,8,1,95,3,2,2,3
324,7,6,7,6,7,7,7,6,7,7,7,6,7,5,7,7,7,5,6,6,7,7,6,5,4,2,3,3,2,2,1,2,1,2,1,2,5,5,1,2,6,6,4,5,5,4,5,3,3,3,4,4,4,4,5,5,5,5,4,4,3,3,4,3,3,4,5,4,5,2,3,5,2,3,2,3,2,3,3,2,4,5,5,2,2,2,2,1,1,1,1,2,2,2,35,2,1,4,2,33,3,1,2,2
327,6,5,4,4,3,5,3,4,5,5,5,5,5,4,3,4,4,5,6,5,5,5,5,5,4,4,4,3,4,3,1,1,2,2,2,2,1,3,2,2,2,2,3,3,4,2,2,2,3,3,2,5,4,3,2,2,4,3,5,2,1,2,3,2,3,2,2,3,2,3,2,1,1,2,1,1,3,4,3,2,2,2,2,2,1,2,3,1,2,1,2,3,3,2,24,1,1,3,1,150,1,1,2,3
330,6,6,5,6,7,6,7,5,7,7,7,7,7,6,7,6,7,5,7,6,7,6,5,5,4,3,3,2,2,3,2,1,1,1,2,2,6,6,1,1,4,5,3,4,3,4,5,3,4,4,5,5,4,4,5,5,5,5,5,5,3,4,4,3,2,4,5,4,5,3,3,5,5,5,3,4,3,3,3,2,4,4,5,2,2,1,2,1,1,1,1,3,3,1,28,2,1,4,3,175,3,1,2,3
331,5,6,3,6,5,5,4,5,6,6,6,6,6,5,5,4,5,7,7,6,6,6,5,5,4,3,1,3,4,4,4,3,3,3,3,3,4,2,2,2,5,6,4,4,4,4,4,4,3,4,3,4,3,5,5,5,2,2,3,2,2,3,1,2,1,3,4,4,3,3,4,5,5,3,1,3,3,3,4,3,3,3,3,3,2,3,3,1,1,1,1,3,4,4,35,1,1,5,1,50,1,2,2,3
335,5,6,3,1,5,7,1,3,4,4,5,4,6,5,6,5,5,5,5,5,4,5,5,4,3,2,4,4,4,4,3,3,2,1,6,6,6,5,2,2,5,6,2,4,3,4,3,3,4,4,2,4,4,4,2,2,3,3,4,4,4,5,4,3,4,4,3,3,3,3,1,5,5,2,3,2,3,3,1,2,4,3,3,3,1,4,4,1,2,1,1,4,4,4,24,1,3,6,2,35,2,2,2,4
338,6,6,5,4,6,6,5,6,6,6,6,6,6,6,6,6,6,6,7,7,6,7,7,7,4,4,4,4,4,4,2,2,1,1,2,4,4,3,2,2,2,2,4,4,4,2,3,2,2,1,2,4,3,3,1,1,3,3,2,2,1,3,3,2,2,3,2,2,2,2,1,4,5,2,2,2,1,1,1,1,1,2,3,5,5,4,4,3,2,2,3,4,4,4,36,2,4,1,0,65,3,2,2,4
340,2,6,3,6,5,6,7,6,7,7,7,7,6,6,7,7,7,7,7,7,5,5,7,7,3,1,1,3,3,1,5,3,1,1,1,4,6,6,1,3,6,6,3,3,3,3,5,5,5,4,5,3,4,4,5,3,5,5,3,4,5,5,5,4,4,4,5,3,5,4,4,5,5,3,3,4,5,5,5,5,5,5,5,2,2,1,3,1,1,1,1,1,1,2,24,1,1,2,2,200,2,2,2,1
341,7,7,5,6,7,7,7,7,7,7,7,7,7,7,7,7,7,3,4,5,7,7,7,6,3,2,1,5,3,3,4,4,3,1,2,2,6,5,5,5,6,6,4,4,5,3,3,4,4,1,2,3,3,3,2,2,3,3,2,3,1,4,4,3,4,4,5,5,4,2,2,5,5,1,1,2,3,3,2,2,4,5,4,5,2,5,5,1,1,1,1,3,4,2,19,2,1,2,2,175,2,1,2,3
344,4,5,3,6,5,6,5,4,5,4,5,5,4,5,5,5,5,6,5,5,6,4,5,4,3,3,3,4,4,4,2,4,3,3,2,2,5,5,3,2,2,5,3,3,3,2,4,4,4,1,1,4,4,3,3,3,4,4,4,3,2,2,1,3,2,4,4,2,3,3,2,3,3,1,1,1,1,1,1,1,3,3,3,4,4,4,4,1,1,1,1,3,4,3,24,2,3,3,1,130,1,2,2,3
345,7,7,7,7,7,7,7,7,7,7,7,7,7,7,7,7,7,4,4,4,7,7,7,7,1,3,1,3,3,3,5,2,1,1,4,5,1,4,2,2,4,5,4,4,4,1,4,2,2,2,4,3,3,2,4,4,4,4,2,4,4,3,4,3,2,4,4,3,2,2,1,5,5,1,2,2,3,3,3,1,1,3,3,5,5,5,5,1,1,1,1,2,4,2,33,1,1,4,3,150,3,3,2,2
348,6,6,5,5,7,6,5,7,7,7,6,6,7,6,7,6,7,4,6,6,7,7,6,6,2,2,4,2,2,2,3,2,2,2,5,5,3,2,2,2,3,3,3,4,3,3,3,3,4,2,4,5,4,3,1,1,4,3,4,4,2,3,2,2,2,3,3,3,2,2,2,3,3,2,2,2,2,3,2,2,4,4,3,2,3,3,4,1,2,2,2,2,3,3,25,1,3,2,0,25,2,3,2,2
349,5,5,3,5,5,4,4,4,5,5,5,5,5,5,5,5,5,5,5,4,6,5,4,5,3,4,4,4,4,4,3,4,2,3,3,4,2,3,3,3,2,3,3,3,4,2,3,2,2,3,2,2,2,3,2,2,3,3,3,3,2,2,1,2,1,2,3,3,2,2,2,2,4,2,2,2,2,2,2,2,4,4,3,4,4,4,4,2,3,2,3,3,3,3,21,2,4,5,1,140,1,2,2,3
352,4,4,3,4,3,4,3,3,4,3,3,3,3,3,3,3,3,4,4,4,4,3,3,3,2,2,2,4,2,2,2,3,3,3,4,4,5,5,6,6,5,5,3,2,3,3,5,3,4,3,3,5,3,3,5,5,3,2,2,4,2,4,3,3,3,4,5,5,5,5,4,5,5,3,3,3,3,3,3,2,4,4,4,2,2,2,2,1,1,1,1,2,2,2,42,2,1,4,3,130,3,1,2,2
354,5,6,3,6,6,2,4,5,3,2,5,3,5,6,6,5,6,6,7,6,7,6,5,5,2,3,4,2,3,1,3,3,2,2,5,5,3,4,4,4,5,6,2,3,3,3,4,3,3,3,3,5,5,5,2,3,3,4,4,3,2,3,4,4,3,5,4,2,4,4,2,4,4,2,3,5,1,2,1,1,3,4,3,4,4,4,4,1,1,1,1,4,4,2,22,1,3,4,1,90,2,2,2,4
363,4,4,4,4,4,4,4,4,4,6,6,5,5,4,4,4,4,5,3,3,6,4,3,3,3,4,4,3,2,3,2,1,2,1,1,2,1,5,2,3,2,2,5,4,5,3,3,1,3,3,3,4,3,4,3,3,4,3,3,1,2,2,3,2,1,3,3,2,2,2,2,4,4,1,2,2,4,5,3,3,3,4,3,2,3,3,2,1,2,2,2,4,4,3,49,2,1,4,1,95,1,2,2,4
365,7,7,6,6,7,7,6,7,7,7,7,7,7,7,7,7,7,6,7,7,7,7,7,7,3,3,2,3,3,3,2,2,2,2,1,1,4,4,2,2,2,5,3,4,4,3,4,3,5,2,3,3,5,3,4,3,2,3,3,1,2,1,1,2,1,4,4,2,3,3,2,5,5,2,2,2,2,4,3,2,2,2,2,2,2,3,3,1,2,1,1,2,3,1,21,2,3,3,3,60,4,2,1,2
370,7,7,7,7,7,7,7,7,6,6,7,7,6,6,6,6,7,5,5,4,6,7,5,4,3,2,4,4,4,4,2,1,1,1,2,2,3,3,3,4,1,4,4,4,4,3,5,3,5,1,2,5,5,3,2,3,3,2,2,2,2,3,2,3,2,3,4,3,4,2,2,3,3,1,1,1,2,4,2,1,5,5,5,3,4,3,4,1,4,1,3,3,4,2,33,2,5,2,1,130,1,3,2,3
376,6,7,6,7,6,5,6,7,7,7,7,7,6,6,7,7,6,6,6,5,7,6,5,6,4,4,4,4,4,5,2,3,2,2,2,4,2,3,4,3,2,3,5,4,4,2,3,1,2,2,2,4,3,2,3,3,3,3,2,3,1,2,1,1,1,2,3,2,1,1,3,2,1,2,2,3,2,2,1,1,2,3,4,4,5,4,5,2,3,3,4,4,4,4,19,2,3,4,0,70,1,2,1,4
377,5,5,4,4,5,7,7,6,7,6,7,5,6,7,6,6,6,6,6,6,7,5,5,5,3,3,3,3,4,4,2,2,2,2,2,3,5,4,2,2,3,4,4,4,3,4,4,3,4,2,3,3,3,2,4,4,3,3,3,3,2,3,3,4,2,3,3,2,4,4,3,4,4,2,2,3,3,3,2,2,4,4,3,2,3,3,3,1,2,1,2,3,3,2,21,1,1,2,1,60,2,2,2,3
378,6,6,5,6,6,6,6,6,6,6,6,6,6,6,6,6,6,7,6,6,6,6,5,5,4,4,4,3,3,3,2,2,2,2,2,2,2,2,2,2,2,2,3,4,4,4,4,4,3,3,3,4,3,3,4,4,3,3,2,3,3,2,2,2,1,3,3,4,3,3,3,3,3,2,2,2,2,3,2,1,4,4,3,3,3,3,4,1,1,1,1,4,4,4,54,1,1,4,1,90,1,2,2,4
379,5,7,5,5,6,7,7,6,7,7,7,7,7,7,7,7,7,4,4,3,6,7,7,7,1,2,2,2,1,1,2,2,2,2,2,2,5,5,3,3,5,6,4,3,4,4,3,5,5,1,3,4,5,5,5,5,5,5,5,5,5,5,4,4,4,4,5,4,5,4,4,5,5,2,1,3,1,1,1,1,4,4,3,5,5,5,5,1,1,1,1,2,2,2,30,2,4,6,2,100,2,2,2,2
380,6,6,4,6,5,7,7,7,5,4,6,6,5,6,6,6,6,2,3,3,5,5,6,5,2,3,3,5,4,5,3,2,2,2,3,2,4,4,4,4,3,4,2,4,4,4,2,2,5,2,3,3,4,3,2,2,3,2,2,3,2,2,3,2,2,3,3,3,3,3,2,4,4,2,3,3,3,2,2,2,2,2,4,2,2,2,3,1,3,1,3,2,2,2,21,1,4,3,3,100,3,2,2,2
381,7,7,5,7,7,7,7,7,6,6,7,7,7,7,7,6,6,7,7,7,7,7,7,7,4,4,2,4,3,3,1,2,2,2,2,2,2,2,2,2,2,2,4,4,4,4,4,4,4,3,3,4,4,3,4,4,3,3,3,3,2,1,2,2,2,3,3,3,3,3,2,3,4,3,3,3,2,3,2,1,4,4,2,3,3,4,3,1,3,2,2,4,4,4,50,2,2,6,3,65,3,1,2,4
384,7,6,6,7,7,6,6,6,7,6,7,7,7,6,6,7,6,7,7,7,7,7,7,7,4,4,4,3,2,4,2,4,1,1,1,2,4,3,1,1,4,4,5,5,5,2,3,1,3,2,2,5,3,2,1,1,5,5,2,2,1,3,2,1,2,3,2,1,2,3,3,3,3,2,2,3,3,2,2,2,5,5,4,1,1,1,5,1,1,1,1,4,3,4,34,2,1,2,2,110,2,2,2,4
385,6,6,6,6,6,6,6,6,6,6,6,6,6,6,6,6,6,6,6,6,6,6,1,1,4,2,2,3,3,2,4,6,2,2,3,4,6,6,4,4,6,6,3,3,3,3,3,4,4,3,3,3,3,3,3,3,3,3,4,3,3,3,3,4,3,4,4,4,4,4,4,4,4,3,2,2,2,3,2,2,3,2,4,2,2,2,2,1,1,1,1,3,3,3,26,2,4,4,3,10,4,1,2,3
390,7,7,7,7,7,7,7,7,1,7,4,6,3,7,7,7,7,1,1,1,7,7,7,7,3,1,1,3,3,2,1,6,1,1,4,4,6,6,2,2,6,6,4,2,4,2,5,5,5,3,4,5,4,5,5,5,4,4,4,4,3,2,5,5,5,5,5,5,5,5,3,5,5,2,2,2,5,4,5,5,1,1,1,2,2,2,3,1,1,1,1,1,1,1,21,1,4,2,2,100,3,2,2,1
393,6,7,4,7,7,5,4,5,7,7,7,7,7,6,6,7,6,7,7,7,7,7,7,7,4,4,4,5,4,5,1,2,1,1,1,4,6,5,1,1,5,5,4,4,4,1,1,1,1,1,1,4,2,4,1,1,5,5,2,3,1,2,2,3,2,4,3,1,3,1,1,1,1,3,2,2,1,1,1,1,5,5,4,5,5,5,5,1,1,1,1,4,4,4,26,2,4,8,1,130,1,2,2,4
399,6,7,6,6,7,7,7,7,6,6,6,6,6,7,7,7,7,5,7,6,7,7,7,4,5,5,5,5,5,5,1,1,1,1,1,1,1,2,1,1,1,2,5,5,5,3,3,2,2,2,2,5,4,3,4,4,4,3,3,3,1,1,1,2,1,2,4,1,2,2,2,1,1,1,3,2,2,4,1,1,4,5,5,4,4,4,4,1,4,4,4,5,5,5,25,2,1,9,3,130,4,1,2,5
409,4,4,3,6,6,6,6,7,6,6,6,6,6,6,4,6,6,7,6,6,6,7,6,5,4,4,4,4,3,3,2,2,2,2,4,4,4,4,2,2,4,2,4,4,4,4,4,3,4,3,2,3,3,2,4,3,3,3,2,2,2,2,2,2,1,3,3,2,2,3,2,4,4,2,2,2,2,3,2,2,2,4,4,3,4,4,4,2,2,2,3,3,4,3,30,2,1,3,3,60,6,3,2,3
411,7,7,5,5,6,7,7,6,6,6,6,6,6,6,5,5,6,5,5,5,5,6,6,6,4,2,4,5,3,4,2,2,1,2,2,3,3,4,3,2,3,2,5,5,5,4,4,3,5,3,3,5,2,3,1,1,3,3,3,3,2,4,3,4,2,4,3,4,4,3,2,4,4,2,2,3,3,3,2,1,3,2,1,4,4,2,4,1,1,1,1,3,2,3,26,1,1,3,1,100,,2,2,3
413,7,7,6,7,7,7,7,7,7,7,7,7,7,7,7,7,7,7,7,7,7,7,7,7,4,4,2,4,4,4,1,1,1,1,4,4,5,1,1,1,4,6,5,5,5,4,1,3,4,2,2,5,4,3,1,2,4,4,4,5,4,3,3,2,1,4,4,3,4,4,3,5,5,5,3,3,5,5,5,3,2,5,5,4,2,2,2,1,1,1,1,4,1,2,37,2,1,2,2,200,2,1,2,4
414,7,7,7,6,7,7,7,7,7,7,7,7,7,7,7,7,7,6,6,6,7,6,7,7,2,2,5,4,2,2,1,3,1,1,1,1,4,4,3,3,4,4,3,4,3,3,3,3,3,2,2,4,1,2,3,3,4,4,3,3,2,2,3,2,3,3,3,4,2,3,4,2,2,2,2,3,2,3,2,3,4,4,3,4,2,2,3,1,1,1,1,2,2,1,33,2,1,5,3,90,3,1,2,2
418,6,6,7,7,7,6,5,5,5,6,6,5,6,7,7,7,7,6,7,7,7,7,5,5,5,5,4,3,4,3,2,3,2,2,5,4,5,4,1,1,4,2,4,4,4,5,5,4,4,3,3,5,1,2,3,3,2,2,3,1,1,1,1,1,1,3,4,4,3,5,1,5,5,1,1,1,1,1,1,1,3,4,2,4,4,4,4,1,3,1,3,4,4,4,23,2,1,2,1,40,3,2,2,4
425,6,5,3,5,6,6,5,6,6,6,5,5,6,7,7,7,7,6,4,5,7,7,6,4,4,4,4,3,2,3,1,2,1,1,1,2,2,2,2,3,3,4,5,4,4,4,5,3,4,2,3,4,2,3,3,3,4,4,3,2,2,3,3,2,2,3,4,3,4,2,2,4,4,1,1,2,2,3,1,2,5,5,5,4,4,4,4,1,1,1,1,4,4,3,37,2,1,5,3,75,3,1,2,2
429,4,5,4,3,4,4,3,4,5,5,5,5,5,4,6,5,5,4,4,4,4,4,5,4,4,5,5,4,4,4,2,2,2,2,3,4,1,1,3,3,1,2,3,4,3,1,3,2,2,2,1,3,1,1,3,3,3,3,3,2,2,1,1,2,1,1,1,1,1,2,2,1,1,1,1,1,1,1,1,1,4,4,4,4,4,4,4,1,1,1,1,4,4,3,18,2,4,3,0,60,0,2,1,4
431,4,6,6,5,5,6,6,6,5,3,6,6,6,6,6,5,6,6,5,5,7,6,6,5,3,3,4,4,4,3,2,2,2,2,2,2,4,4,4,4,2,6,4,4,4,4,2,3,3,4,4,4,5,4,4,4,3,2,2,3,3,2,3,2,3,3,2,3,3,3,2,4,4,2,1,4,2,1,1,1,2,3,4,3,4,3,4,1,2,2,2,2,2,2,30,2,1,5,1,50,1,2,2,2
433,6,5,4,6,7,7,7,7,7,7,7,7,7,6,5,6,7,1,2,4,5,7,7,7,1,3,1,3,3,3,3,2,2,1,4,4,6,6,6,2,6,6,2,2,3,3,4,1,4,3,2,4,5,5,4,4,4,3,3,3,4,2,3,3,3,4,4,1,2,1,1,5,5,1,1,3,2,1,1,1,4,4,4,3,3,3,3,1,1,1,1,4,4,4,26,1,1,5,2,90,2,3,2,4
440,3,3,4,3,3,5,5,3,4,4,5,5,4,4,3,4,4,3,3,3,2,3,2,2,3,2,2,3,1,1,3,2,2,3,2,3,3,5,3,3,5,5,4,3,3,4,5,5,5,2,4,5,5,5,5,5,5,5,5,4,4,5,4,3,4,4,4,2,4,4,2,4,5,4,5,5,4,5,4,3,2,2,2,2,2,3,3,1,1,1,1,3,3,3,30,2,3,2,3,150,3,1,2,3
441,4,6,7,4,5,7,7,6,7,7,7,7,7,4,4,5,4,5,4,4,7,7,6,6,3,3,3,4,3,3,2,2,2,3,4,4,4,5,3,2,4,4,2,3,2,3,4,3,4,2,3,5,4,3,2,2,3,3,3,3,3,3,2,3,2,4,5,3,3,3,3,5,5,3,3,3,1,1,1,1,4,4,4,4,4,4,4,1,3,2,3,3,3,3,24,2,4,3,1,300,1,1,2,3
443,4,6,6,4,6,4,4,4,3,3,7,7,7,3,3,3,4,5,5,5,5,5,3,3,3,3,3,3,2,3,2,2,2,3,2,2,2,2,5,5,4,4,1,1,4,4,4,3,3,3,3,4,2,3,4,5,4,4,5,1,3,5,3,1,2,5,4,3,4,4,5,5,5,5,3,1,4,3,3,3,5,5,5,3,3,3,5,1,1,1,1,1,1,1,25,2,1,3,2,100,2,1,2,1
448,6,6,5,5,6,6,5,6,5,4,6,5,5,7,5,5,5,5,5,5,7,5,5,4,4,3,4,3,3,2,2,2,2,2,2,2,5,4,5,3,5,5,4,3,4,3,4,2,3,3,2,3,4,2,5,4,4,4,4,3,2,2,2,3,1,3,4,3,3,2,3,4,4,2,3,2,3,4,2,2,2,2,1,2,3,3,4,1,1,1,1,3,3,2,21,2,4,4,0,100,2,2,2,3
449,6,6,5,6,6,6,6,6,6,6,6,6,6,6,6,6,6,6,6,6,6,4,6,6,4,3,4,4,4,4,1,1,1,1,1,1,4,4,1,1,4,4,4,4,4,4,4,2,3,3,3,5,5,5,5,3,3,2,2,2,2,2,2,2,2,3,3,3,4,2,2,4,4,2,2,2,2,3,2,2,4,4,3,2,2,2,3,2,2,2,2,2,3,2,49,2,1,2,3,60,15,1,2,2
451,4,6,3,4,4,5,5,5,5,6,6,4,5,5,5,5,5,5,5,5,7,5,5,5,2,3,3,2,4,4,3,2,2,2,2,3,3,3,3,3,4,3,4,4,4,3,4,3,4,4,3,4,4,4,3,3,4,3,3,2,2,2,2,2,2,3,3,2,2,2,2,4,4,3,2,2,2,2,2,2,4,4,4,4,3,3,3,2,2,2,2,4,3,4,43,2,1,7,3,120,3,2,2,4
452,6,6,7,7,6,7,7,7,7,6,7,7,7,7,7,6,7,7,7,7,7,7,6,6,3,3,3,3,3,3,2,2,2,2,2,4,5,3,2,3,4,3,3,3,4,4,5,3,4,1,3,5,4,2,5,5,5,5,2,3,4,2,2,2,2,3,3,2,4,4,2,5,5,2,2,2,2,2,2,2,5,4,4,4,4,4,4,1,1,1,1,2,2,4,26,1,1,2,2,50,2,2,2,2
456,3,4,4,7,5,7,7,6,6,6,7,7,6,6,6,5,5,5,4,5,7,6,4,7,5,5,5,4,4,4,1,1,2,2,1,1,1,1,3,3,1,3,3,4,3,1,1,1,1,2,3,1,2,1,1,1,3,3,3,3,1,3,1,1,1,2,1,1,2,1,1,1,2,1,1,1,1,1,1,1,4,3,3,4,5,5,4,3,3,3,3,4,4,4,18,2,4,3,0,60,0,1,2,2
458,6,6,2,4,4,4,3,3,4,4,4,5,5,5,5,5,3,2,2,3,5,5,5,5,3,3,2,1,1,1,6,4,4,4,5,5,4,6,5,5,5,5,1,1,3,4,4,2,3,3,3,4,4,4,1,2,5,5,4,4,4,4,4,3,4,4,4,4,4,4,4,5,5,3,3,3,1,2,1,1,4,2,3,4,4,3,4,1,2,2,2,3,4,2,22,2,1,2,2,100,2,2,2,3
466,6,6,7,6,6,7,7,7,7,7,7,7,7,6,7,7,7,7,7,7,7,7,7,7,4,3,4,4,4,4,2,2,2,2,2,4,5,5,2,2,5,5,4,5,5,4,4,3,4,3,4,5,4,5,4,3,4,4,3,2,3,2,3,3,2,4,4,4,4,2,2,4,4,2,2,4,3,4,4,2,4,4,3,3,3,4,4,1,1,1,1,4,3,4,23,1,1,2,1,100,2,2,2,4
467,5,7,4,6,7,5,5,5,7,7,7,7,7,5,7,6,6,7,7,7,6,6,7,7,3,4,3,3,2,2,3,2,1,2,4,4,6,6,2,2,6,5,3,4,4,2,5,4,3,2,2,3,3,3,4,4,4,3,3,2,1,1,1,3,1,4,5,2,4,4,2,5,5,1,1,1,4,4,4,2,3,1,4,4,4,1,2,1,1,1,3,1,4,1,22,2,1,2,1,150,1,2,2,1
468,7,7,6,7,7,7,6,7,7,5,6,7,6,4,6,6,6,7,7,7,7,7,7,7,3,2,4,4,4,4,2,2,2,2,4,4,3,4,2,2,4,4,3,3,3,3,3,2,3,3,3,4,4,3,1,1,3,3,3,3,2,2,3,3,1,4,4,2,3,3,2,4,4,2,2,3,2,2,4,3,3,3,2,3,4,3,4,1,1,1,1,4,4,3,23,1,4,3,0,100,2,2,2,4
473,7,6,2,7,7,7,7,6,5,5,6,7,6,6,7,6,6,5,6,6,5,6,5,5,1,1,2,3,3,3,3,2,1,1,2,2,6,6,3,3,6,6,4,4,5,2,4,5,4,2,4,5,5,5,1,1,2,2,2,2,4,4,4,4,4,5,5,5,5,4,5,5,5,2,2,2,1,1,1,1,1,1,1,5,5,5,5,1,1,1,1,1,1,1,57,2,2,2,3,130,3,2,2,1
478,6,6,5,6,6,6,7,7,7,6,7,6,6,6,6,6,6,6,5,6,7,6,6,6,5,4,5,4,5,5,1,1,1,1,1,1,1,1,2,2,1,1,5,5,5,1,1,2,3,1,1,3,1,2,3,3,3,3,3,3,1,1,1,1,1,1,1,1,1,1,1,1,1,1,1,1,1,1,1,1,2,3,1,5,5,5,5,3,4,3,4,5,5,4,33,2,1,4,2,137,2,1,2,2
479,3,6,4,5,5,6,6,6,6,6,6,6,6,6,6,6,6,3,3,3,6,5,6,6,4,3,4,4,4,4,2,2,2,2,2,3,2,2,3,3,2,2,4,5,4,3,3,2,3,3,2,3,2,3,2,2,4,3,4,3,2,2,3,3,3,3,2,3,3,3,3,2,2,2,1,2,1,1,3,2,4,5,4,3,2,2,2,1,2,1,2,3,4,3,34,2,4,2,2,50,2,1,2,3
